,rl_yaw,rl_roll,rl_pitch
0,-56.6875,-11.1875,-49.875
1,-56.875,-11.25,-49.625
2,-57.625,-11.3125,-49.625
3,-57.9375,-11.1875,-49.625
4,-57.0,-10.375,-49.8125
5,-57.75,-10.375,-49.9375
6,-57.625,-10.875,-49.6875
7,-58.0,-11.0,-49.8125
8,-57.5,-11.0,-50.0625
9,-56.8125,-10.8125,-50.125
10,-56.375,-10.875,-49.9375
11,-56.25,-11.125,-50.0
12,-56.4375,-11.1875,-50.25
13,-56.4375,-11.1875,-50.5625
14,-56.875,-11.125,-50.5
15,-56.5625,-11.0625,-50.6875
16,-56.9375,-11.25,-50.75
17,-56.3125,-10.9375,-50.5625
18,-56.375,-11.3125,-50.375
19,-56.9375,-11.9375,-50.0
20,-57.3125,-12.1875,-49.75
21,-56.9375,-12.4375,-49.5625
22,-57.0,-11.9375,-49.625
23,-57.1875,-11.8125,-49.5
24,-57.1875,-11.75,-49.125
25,-57.25,-11.8125,-48.875
26,-57.3125,-11.8125,-48.875
27,-57.375,-11.8125,-48.875
28,-57.4375,-11.8125,-49.0625
29,-57.5625,-11.75,-49.0625
30,-58.25,-11.6875,-49.0
31,-59.0625,-11.625,-48.8125
32,-59.6875,-11.6875,-48.6875
33,-59.1875,-11.625,-48.6875
34,-58.8125,-11.4375,-48.625
35,-58.375,-11.375,-48.8125
36,-58.125,-11.3125,-48.9375
37,-58.0625,-11.3125,-48.8125
38,-57.875,-11.375,-48.8125
39,-57.375,-11.5,-49.5625
40,-57.6875,-11.875,-51.25
41,-57.9375,-12.0,-53.0625
42,-58.0,-12.0,-54.625
43,-57.8125,-12.0,-55.375
44,-57.5625,-12.0,-55.0625
45,-58.0,-12.0625,-55.3125
46,-58.0625,-12.0625,-55.9375
47,-57.75,-12.1875,-56.6875
48,-57.4375,-12.5,-57.5
49,-57.25,-12.875,-58.625
50,-56.8125,-13.0,-59.6875
51,-56.4375,-13.125,-61.625
52,-56.6875,-13.0625,-64.5625
53,-57.3125,-12.375,-68.1875
54,-56.5,-11.875,-71.5625
55,-56.25,-11.75,-73.5
56,-56.0,-11.9375,-74.25
57,-55.9375,-12.3125,-74.1875
58,-56.1875,-12.625,-73.9375
59,-58.1875,-12.75,-73.875
60,-60.1875,-12.75,-73.6875
61,-64.1875,-12.875,-73.5
62,-67.3125,-13.0625,-73.1875
63,-69.875,-13.3125,-72.875
64,-71.8125,-13.8125,-72.6875
65,-72.3125,-14.0,-72.625
66,-71.0625,-14.0625,-72.1875
67,-71.125,-13.9375,-70.8125
68,-71.625,-13.5,-68.0
69,-72.5625,-13.5,-63.5625
70,-70.375,-14.1875,-59.125
71,-68.125,-14.6875,-55.0
72,-66.6875,-14.625,-52.0625
73,-65.5,-14.625,-48.625
74,-64.1875,-14.5625,-45.25
75,-62.875,-14.6875,-41.4375
76,-62.25,-14.75,-37.625
77,-61.875,-14.5625,-34.6875
78,-61.625,-14.4375,-33.0625
79,-61.4375,-14.1875,-32.25
80,-61.6875,-13.875,-31.5
81,-63.3125,-13.6875,-31.1875
82,-65.875,-14.0,-31.5
83,-69.3125,-14.75,-32.25
84,-72.4375,-15.5,-32.6875
85,-73.875,-15.5625,-32.9375
86,-74.375,-15.4375,-33.6875
87,-74.1875,-15.4375,-36.1875
88,-73.5625,-15.4375,-39.75
89,-74.0625,-16.125,-44.125
90,-74.4375,-16.875,-49.9375
91,-73.5,-16.375,-54.875
92,-72.6875,-15.9375,-58.6875
93,-72.3125,-15.75,-62.4375
94,-72.6875,-15.3125,-65.6875
95,-72.0625,-14.875,-68.6875
96,-71.375,-14.4375,-70.6875
97,-69.9375,-14.25,-71.625
98,-68.125,-14.5,-71.6875
99,-67.6875,-14.8125,-71.5625
100,-69.5625,-14.6875,-71.3125
101,-71.6875,-14.5625,-70.75
102,-73.5625,-14.6875,-70.375
103,-73.6875,-14.75,-70.25
104,-74.3125,-14.625,-69.8125
105,-75.25,-14.375,-68.375
106,-75.3125,-14.5,-64.6875
107,-74.5625,-14.6875,-60.1875
108,-73.4375,-14.875,-55.0
109,-73.375,-15.3125,-49.25
110,-73.5625,-16.0,-44.4375
111,-73.1875,-16.5,-39.8125
112,-73.25,-16.6875,-36.4375
113,-73.0,-16.4375,-34.4375
114,-72.6875,-16.125,-33.3125
115,-72.75,-16.0625,-32.625
116,-73.5,-16.0625,-32.625
117,-75.25,-16.25,-32.75
118,-77.6875,-16.5625,-33.4375
119,-79.125,-16.9375,-34.3125
120,-79.75,-16.75,-35.0
121,-80.5625,-16.375,-35.8125
122,-81.0625,-16.25,-36.8125
123,-80.375,-15.9375,-39.75
124,-78.75,-15.375,-45.6875
125,-77.5625,-14.8125,-51.75
126,-77.25,-14.5,-56.6875
127,-77.4375,-13.9375,-61.4375
128,-77.375,-13.125,-64.75
129,-77.0,-12.4375,-67.0
130,-76.6875,-12.0625,-68.375
131,-77.0,-11.625,-68.75
132,-76.3125,-11.4375,-68.75
133,-75.5,-11.4375,-68.5
134,-74.125,-11.3125,-68.375
135,-71.0,-11.1875,-68.5
136,-66.875,-10.8125,-68.9375
137,-60.9375,-10.8125,-70.0
138,-54.25,-10.9375,-70.8125
139,-39.9375,-11.5625,-72.125
140,-34.625,-11.875,-71.6875
141,-30.1875,-11.875,-71.0
142,-26.0,-12.0,-70.25
143,-21.5,-12.25,-69.6875
144,-16.4375,-12.25,-69.375
145,-10.6875,-12.4375,-69.4375
146,-5.25,-12.875,-69.0
147,1.5625,-13.1875,-68.375
148,9.9375,-13.25,-67.6875
149,15.5,-12.375,-67.25
150,17.375,-12.5,-67.1875
151,18.25,-13.25,-68.0625
152,19.6875,-13.1875,-68.8125
153,18.6875,-13.0625,-68.75
154,16.125,-12.875,-68.375
155,14.6875,-13.25,-68.375
156,14.875,-13.4375,-68.5
157,14.1875,-13.75,-68.375
158,13.8125,-13.8125,-67.625
159,12.5625,-13.3125,-65.3125
160,11.875,-13.125,-61.125
161,12.875,-12.625,-55.5625
162,14.5625,-12.3125,-51.3125
163,15.3125,-13.5,-48.625
164,15.9375,-13.375,-46.625
165,16.9375,-12.8125,-44.6875
166,18.25,-12.1875,-41.9375
167,19.3125,-11.9375,-38.8125
168,19.4375,-10.9375,-36.3125
169,18.6875,-9.9375,-33.9375
170,17.9375,-9.125,-31.625
171,17.6875,-8.5625,-30.1875
172,17.1875,-8.1875,-29.625
173,16.9375,-7.9375,-29.4375
174,14.25,-8.625,-28.8125
175,10.9375,-10.3125,-27.5625
176,8.6875,-11.3125,-26.9375
177,9.1875,-10.75,-27.25
178,7.8125,-11.0,-28.6875
179,6.1875,-11.6875,-31.3125
180,3.8125,-12.6875,-35.4375
181,0.8125,-13.6875,-40.5
182,-2.125,-14.6875,-45.8125
183,-3.4375,-15.375,-51.1875
184,-4.375,-16.0625,-56.375
185,-5.4375,-16.375,-60.0625
186,-6.75,-16.4375,-63.0
187,-6.125,-16.4375,-65.875
188,-6.5,-16.75,-66.375
189,-8.8125,-17.875,-66.125
190,-17.375,-18.0,-56.5
191,-17.3125,-16.875,-50.0625
192,-17.5625,-15.9375,-45.8125
193,-17.375,-15.0625,-42.5
194,-16.8125,-13.5625,-37.375
195,-16.0,-12.375,-32.625
196,-14.8125,-11.6875,-29.5625
197,-13.875,-10.9375,-28.25
198,-13.375,-10.1875,-27.3125
199,-14.5625,-10.125,-26.75
200,-18.8125,-11.6875,-26.125
201,-23.0625,-13.3125,-25.1875
202,-24.125,-13.125,-25.125
203,-24.1875,-12.5625,-25.6875
204,-24.9375,-12.625,-27.125
205,-26.0625,-12.9375,-30.5
206,-27.875,-13.6875,-35.6875
207,-30.3125,-14.1875,-38.8125
208,-31.9375,-14.8125,-42.0625
209,-32.25,-15.0625,-47.1875
210,-32.25,-15.3125,-52.625
211,-32.375,-15.5,-57.5625
212,-32.9375,-15.25,-61.0625
213,-33.25,-15.5,-64.125
214,-33.1875,-15.875,-66.875
215,-32.6875,-16.125,-68.0625
216,-32.5,-16.375,-68.1875
217,-34.125,-16.3125,-67.6875
218,-41.25,-17.0,-67.0625
219,-44.8125,-18.0625,-67.625
220,-44.9375,-17.625,-67.875
221,-44.875,-17.375,-67.0625
222,-44.6875,-17.125,-65.375
223,-44.125,-16.5625,-62.9375
224,-43.3125,-15.6875,-58.5625
225,-42.3125,-15.0,-54.3125
226,-41.4375,-14.1875,-50.375
227,-40.875,-13.625,-46.375
228,-40.3125,-12.9375,-42.25
229,-39.375,-12.1875,-37.875
230,-38.6875,-11.5625,-34.75
231,-38.4375,-11.0625,-32.1875
232,-38.9375,-11.0,-30.5625
233,-39.4375,-10.625,-29.625
234,-40.4375,-10.5,-29.0
235,-41.4375,-10.4375,-28.5625
236,-42.0625,-10.25,-28.25
237,-42.625,-10.25,-28.4375
238,-42.6875,-10.1875,-28.625
239,-46.0625,-11.4375,-28.625
240,-50.625,-13.625,-28.875
241,-57.375,-16.1875,-29.6875
242,-62.5,-18.1875,-30.4375
243,-65.5625,-18.75,-31.0625
244,-66.625,-18.5,-31.875
245,-66.4375,-18.1875,-33.125
246,-66.75,-18.3125,-37.3125
247,-67.4375,-18.375,-43.6875
248,-68.25,-18.4375,-50.5
249,-68.5625,-18.4375,-55.875
250,-69.5,-18.125,-60.1875
251,-69.8125,-17.75,-62.6875
252,-69.4375,-17.5625,-64.6875
253,-68.625,-17.3125,-65.9375
254,-69.6875,-17.0625,-65.5
255,-71.375,-16.6875,-64.6875
256,-73.3125,-16.3125,-63.625
257,-75.375,-15.75,-62.1875
258,-74.8125,-15.625,-60.9375
259,-73.8125,-15.75,-60.9375
260,-72.875,-15.5,-60.4375
261,-73.25,-15.3125,-58.4375
262,-72.75,-15.4375,-54.0625
263,-70.5625,-15.0,-49.25
264,-68.3125,-14.5625,-44.75
265,-67.0,-14.375,-40.0
266,-67.0,-14.4375,-36.3125
267,-66.875,-14.5,-32.1875
268,-67.3125,-14.1875,-29.1875
269,-67.3125,-13.875,-27.5625
270,-67.75,-13.75,-26.625
271,-68.0,-13.1875,-25.625
272,-68.5,-13.125,-25.8125
273,-69.3125,-13.25,-25.75
274,-70.3125,-13.5,-26.0
275,-71.5,-13.6875,-26.5625
276,-72.8125,-14.0625,-27.4375
277,-74.625,-14.5625,-28.8125
278,-76.4375,-15.1875,-30.8125
279,-77.5625,-15.625,-32.875
280,-78.6875,-16.125,-34.8125
281,-78.6875,-16.125,-36.25
282,-78.875,-16.1875,-37.625
283,-80.0,-16.375,-40.4375
284,-79.5625,-16.1875,-44.8125
285,-78.4375,-15.4375,-49.75
286,-81.3125,-15.5,-54.0
287,-84.0625,-15.0,-57.625
288,-84.1875,-13.75,-59.875
289,-83.6875,-12.4375,-62.375
290,-81.625,-11.6875,-64.4375
291,-80.1875,-11.0,-65.3125
292,-79.8125,-10.5625,-65.75
293,-79.125,-10.3125,-66.1875
294,-77.5,-10.8125,-66.375
295,-74.3125,-11.1875,-66.4375
296,-69.5,-11.4375,-66.5625
297,-64.1875,-11.8125,-66.6875
298,-59.1875,-11.9375,-66.625
299,-55.5625,-12.1875,-66.4375
300,-50.625,-12.25,-65.875
301,-46.6875,-12.25,-65.75
302,-40.5625,-12.25,-65.9375
303,-33.6875,-12.25,-65.6875
304,-29.75,-12.3125,-65.25
305,-24.8125,-12.75,-65.125
306,-20.875,-12.5625,-65.0625
307,-17.0,-12.5,-65.125
308,-13.5,-12.625,-65.1875
309,-9.875,-12.4375,-65.3125
310,-5.125,-12.375,-65.6875
311,-0.3125,-12.8125,-66.5625
312,6.0625,-13.0,-68.1875
313,11.1875,-12.875,-68.875
314,14.4375,-12.8125,-68.5625
315,16.0625,-13.0,-68.1875
316,17.5,-13.0625,-68.1875
317,17.3125,-13.3125,-68.25
318,17.375,-13.25,-67.6875
319,17.1875,-12.5625,-65.8125
320,17.875,-11.6875,-62.625
321,18.25,-11.6875,-59.875
322,18.9375,-11.5,-57.6875
323,18.5625,-11.6875,-56.75
324,17.9375,-11.5,-57.0
325,16.6875,-11.25,-56.75
326,13.4375,-11.5625,-56.0625
327,8.5625,-12.1875,-55.625
328,5.0625,-12.5625,-55.625
329,0.8125,-12.75,-55.875
330,-5.4375,-13.625,-56.0
331,-10.375,-14.125,-55.8125
332,-14.6875,-14.625,-55.1875
333,-17.5,-15.0,-55.1875
334,-20.25,-15.0625,-55.375
335,-23.0625,-15.3125,-55.875
336,-25.75,-15.6875,-55.8125
337,-29.1875,-15.625,-56.375
338,-33.125,-15.5,-57.0625
339,-37.625,-15.5625,-57.125
340,-47.0,-15.75,-58.375
341,-52.5625,-14.875,-60.25
342,-56.5,-14.8125,-61.5625
343,-61.1875,-15.0625,-61.9375
344,-64.9375,-14.625,-62.8125
345,-69.6875,-13.4375,-63.4375
346,-73.3125,-12.75,-63.625
347,-77.0625,-12.3125,-63.9375
348,-79.75,-12.4375,-64.125
349,-77.8125,-12.4375,-63.6875
350,-76.1875,-12.3125,-63.1875
351,-75.5,-12.625,-62.0
352,-75.0625,-12.9375,-59.75
353,-75.75,-13.4375,-57.5625
354,-76.3125,-13.8125,-56.1875
355,-76.25,-13.625,-55.6875
356,-76.625,-13.8125,-55.375
357,-74.375,-14.0,-55.0
358,-71.875,-14.125,-54.5625
359,-68.8125,-14.3125,-54.0
360,-65.1875,-14.1875,-53.1875
361,-60.0,-13.6875,-52.5
362,-52.9375,-12.875,-52.125
363,-47.125,-12.25,-51.6875
364,-43.75,-12.625,-50.9375
365,-41.0,-12.0,-51.0625
366,-37.75,-11.75,-51.1875
367,-34.625,-11.4375,-50.9375
368,-32.25,-11.375,-50.9375
369,-29.25,-11.375,-51.5625
370,-25.9375,-11.375,-52.125
371,-21.5625,-11.625,-52.0625
372,-16.75,-11.625,-52.25
373,-13.75,-11.375,-52.875
374,-10.5,-10.9375,-53.3125
375,-6.625,-10.5625,-53.5
376,-1.6875,-10.6875,-54.125
377,3.4375,-10.375,-55.0625
378,9.6875,-10.0625,-56.25
379,15.375,-9.9375,-57.4375
380,19.8125,-9.8125,-58.375
381,24.625,-9.3125,-59.9375
382,28.1875,-9.1875,-60.9375
383,27.5625,-10.0625,-59.375
384,28.625,-10.3125,-58.6875
385,30.25,-9.875,-58.8125
386,30.25,-10.0625,-58.4375
387,30.1875,-10.125,-57.375
388,30.125,-9.375,-55.0
389,30.75,-9.25,-52.4375
390,32.125,-8.875,-50.875
391,32.9375,-8.5625,-49.4375
392,32.875,-8.5625,-48.625
393,33.375,-8.3125,-48.0
394,32.5625,-8.625,-47.0
395,31.0,-9.3125,-45.5
396,27.6875,-9.9375,-44.6875
397,25.0625,-10.125,-44.25
398,20.875,-10.625,-43.8125
399,15.8125,-11.75,-43.125
400,9.875,-13.0625,-42.1875
401,6.4375,-13.6875,-42.5625
402,4.3125,-13.6875,-42.8125
403,0.25,-14.4375,-42.875
404,-3.6875,-15.25,-43.125
405,-8.6875,-16.0625,-43.25
406,-14.0625,-16.375,-43.8125
407,-18.75,-16.75,-44.0
408,-23.1875,-17.0,-44.625
409,-27.25,-17.5,-44.9375
410,-32.0,-17.6875,-45.3125
411,-36.75,-17.625,-45.375
412,-41.875,-17.75,-45.6875
413,-46.0625,-17.9375,-46.1875
414,-49.25,-17.875,-46.875
415,-52.875,-17.6875,-47.375
416,-56.25,-17.6875,-47.8125
417,-59.75,-17.75,-48.625
418,-62.5625,-19.0,-49.5625
419,-64.3125,-20.0,-50.1875
420,-65.6875,-20.1875,-50.625
421,-65.625,-19.875,-50.375
422,-65.4375,-19.1875,-49.5
423,-66.1875,-19.3125,-46.9375
424,-66.9375,-19.4375,-43.4375
425,-67.375,-19.5,-40.3125
426,-67.25,-19.4375,-38.5625
427,-67.1875,-19.25,-37.9375
428,-65.9375,-19.0,-37.5
429,-63.0625,-18.125,-36.6875
430,-59.625,-17.3125,-36.125
431,-56.8125,-16.5625,-35.8125
432,-53.5,-15.5625,-35.6875
433,-49.5625,-14.6875,-35.75
434,-45.0625,-13.0,-35.8125
435,-39.625,-11.5625,-35.9375
436,-35.3125,-10.4375,-36.125
437,-31.25,-10.375,-35.875
438,-27.6875,-10.25,-36.0
439,-24.25,-10.375,-36.375
440,-20.625,-9.5625,-36.8125
441,-17.0625,-8.8125,-37.5625
442,-13.5,-7.625,-38.5
443,-9.1875,-5.6875,-40.125
444,-5.0,-4.4375,-42.0
445,-1.5625,-3.8125,-43.375
446,2.75,-3.6875,-44.625
447,7.875,-3.25,-45.8125
448,14.625,-3.125,-48.0
449,22.25,-2.8125,-50.8125
450,28.1875,-2.3125,-52.6875
451,32.125,-2.5,-53.5
452,34.6875,-2.875,-53.6875
453,37.25,-3.125,-53.5
454,38.625,-3.125,-52.375
455,39.5625,-2.375,-49.9375
456,39.25,-1.6875,-45.8125
457,38.0,-0.3125,-38.9375
458,36.9375,-0.125,-35.5
459,35.9375,-0.875,-33.0
460,33.25,-2.1875,-30.625
461,29.25,-3.4375,-28.5
462,23.125,-5.5625,-27.1875
463,17.4375,-7.4375,-26.625
464,10.125,-8.9375,-26.3125
465,2.375,-10.875,-26.375
466,-4.3125,-12.6875,-27.375
467,-11.25,-14.125,-28.5625
468,-19.6875,-16.125,-30.6875
469,-26.0,-17.3125,-32.9375
470,-32.0,-18.5,-35.75
471,-36.5625,-19.1875,-38.0
472,-40.875,-19.9375,-39.875
473,-45.9375,-20.3125,-42.0625
474,-50.125,-21.0625,-43.8125
475,-55.75,-21.875,-46.75
476,-59.875,-21.8125,-48.625
477,-64.625,-21.6875,-49.75
478,-68.3125,-21.25,-49.6875
479,-70.1875,-20.375,-48.875
480,-71.4375,-19.5625,-48.1875
481,-71.875,-19.125,-47.625
482,-71.625,-18.8125,-47.5
483,-70.0,-18.3125,-46.875
484,-67.8125,-17.625,-46.1875
485,-62.8125,-16.625,-45.625
486,-53.25,-15.125,-45.125
487,-43.375,-13.4375,-44.625
488,-34.9375,-12.0,-44.375
489,-27.3125,-11.3125,-44.8125
490,-21.1875,-11.25,-44.875
491,-16.8125,-11.125,-45.0
492,-14.0625,-11.125,-44.9375
493,-13.25,-11.6875,-44.9375
494,-13.75,-12.6875,-45.0625
495,-14.875,-13.875,-45.25
496,-16.0,-14.5,-45.4375
497,-16.375,-14.3125,-45.5625
498,-16.75,-14.1875,-45.625
499,-17.5,-14.0625,-45.6875
500,-18.0,-13.625,-45.6875
501,-18.1875,-12.875,-45.875
502,-18.8125,-12.5625,-45.875
503,-18.75,-12.4375,-45.9375
504,-18.6875,-12.5625,-45.9375
505,-18.6875,-12.875,-45.875
506,-18.5625,-13.1875,-45.75
507,-18.1875,-13.5,-45.8125
508,-18.3125,-13.8125,-46.0
509,-18.0,-14.5,-46.0
510,-18.3125,-15.8125,-45.6875
511,-18.5625,-17.1875,-45.4375
512,-19.3125,-18.5625,-45.25
513,-19.25,-20.25,-44.9375
514,-18.625,-22.3125,-44.1875
515,-17.375,-23.3125,-44.0625
516,-16.6875,-23.75,-44.25
517,-16.125,-24.1875,-44.375
518,-15.375,-24.375,-44.3125
519,-15.0625,-24.0,-44.4375
520,-14.9375,-23.0625,-44.6875
521,-15.0,-21.9375,-45.0625
522,-14.8125,-20.25,-45.5
523,-14.6875,-18.8125,-45.75
524,-15.0625,-17.5625,-46.0
525,-15.8125,-16.25,-46.0
526,-16.875,-14.6875,-46.125
527,-17.875,-12.75,-46.5625
528,-18.5,-10.125,-46.875
529,-20.25,-8.0,-47.375
530,-21.75,-5.9375,-47.375
531,-23.5,-4.0,-47.375
532,-24.375,-1.875,-47.5
533,-24.1875,-0.25,-47.75
534,-24.125,1.125,-48.0
535,-24.4375,1.75,-48.125
536,-24.9375,2.125,-48.25
537,-24.1875,2.375,-48.5
538,-23.75,1.375,-48.375
539,-23.375,-0.9375,-48.125
540,-22.3125,-2.8125,-48.3125
541,-19.5,-3.8125,-48.6875
542,-18.5625,-6.375,-48.25
543,-19.0625,-9.0,-47.5
544,-18.75,-10.5,-47.3125
545,-19.0,-11.1875,-47.375
546,-19.3125,-11.75,-47.5
547,-19.375,-12.625,-47.5625
548,-20.0625,-13.4375,-47.5
549,-20.125,-13.6875,-47.625
550,-19.5,-13.625,-47.625
551,-19.4375,-13.6875,-47.5625
552,-19.375,-13.75,-47.6875
553,-19.1875,-13.8125,-47.75
554,-19.0625,-13.8125,-47.6875
555,-18.5625,-13.625,-47.875
556,-18.3125,-13.5,-47.9375
557,-18.5,-13.4375,-47.875
558,-18.875,-13.5,-48.0625
559,-18.9375,-13.1875,-48.25
560,-19.3125,-13.25,-48.5
561,-19.3125,-13.375,-48.5625
562,-18.5625,-13.625,-48.375
563,-19.4375,-14.375,-48.0625
564,-19.625,-14.8125,-47.8125
565,-19.625,-14.9375,-48.25
566,-19.75,-15.125,-49.8125
567,-19.6875,-15.125,-51.9375
568,-19.75,-15.0625,-54.5625
569,-20.125,-15.0625,-57.1875
570,-20.5625,-15.125,-59.6875
571,-20.5625,-15.125,-61.8125
572,-20.625,-15.25,-63.125
573,-20.625,-15.375,-64.5
574,-20.5625,-15.625,-65.625
575,-20.5,-15.75,-66.4375
576,-20.125,-15.6875,-66.6875
577,-20.1875,-15.75,-66.1875
578,-20.125,-15.75,-65.375
579,-20.0625,-15.5625,-64.25
580,-19.875,-15.5,-63.0625
581,-19.6875,-15.5625,-61.3125
582,-19.5,-15.5625,-59.5
583,-19.3125,-15.375,-56.875
584,-18.5,-15.125,-54.1875
585,-18.5,-15.25,-51.125
586,-18.5,-15.1875,-47.625
587,-17.9375,-15.0,-43.75
588,-17.6875,-14.875,-39.5
589,-17.3125,-14.75,-35.625
590,-16.125,-13.8125,-30.375
591,-17.125,-13.375,-28.5
592,-17.875,-13.1875,-27.25
593,-18.0625,-12.8125,-25.8125
594,-18.3125,-12.4375,-24.0625
595,-18.6875,-12.0,-22.1875
596,-18.4375,-11.25,-20.3125
597,-18.625,-9.9375,-17.375
598,-19.6875,-9.125,-15.3125
599,-19.375,-8.6875,-14.1875
600,-20.25,-8.9375,-12.9375
601,-20.4375,-9.0,-12.25
602,-20.5,-9.0,-12.0625
603,-21.4375,-9.25,-12.625
604,-22.6875,-9.8125,-14.25
605,-23.3125,-10.25,-16.875
606,-23.8125,-10.8125,-20.25
607,-24.125,-11.5625,-23.8125
608,-24.1875,-12.1875,-26.375
609,-24.4375,-12.6875,-29.625
610,-25.0,-13.25,-33.125
611,-25.6875,-13.8125,-36.75
612,-25.5,-14.25,-40.875
613,-25.8125,-14.75,-46.375
614,-25.375,-15.125,-50.625
615,-25.0625,-15.625,-54.375
616,-25.5625,-15.8125,-57.5
617,-25.125,-15.8125,-59.625
618,-25.0,-15.9375,-60.75
619,-26.0,-16.375,-61.5625
620,-27.0625,-17.0,-62.4375
621,-27.3125,-17.125,-63.4375
622,-26.875,-17.0625,-64.0625
623,-26.75,-17.1875,-64.1875
624,-26.0625,-17.0625,-64.25
625,-26.0625,-17.0,-64.4375
626,-27.125,-16.875,-64.5
627,-29.25,-16.875,-64.4375
628,-32.5,-17.125,-64.4375
629,-37.0625,-17.5,-64.6875
630,-40.75,-17.9375,-64.9375
631,-44.125,-18.125,-65.25
632,-46.625,-18.4375,-65.5625
633,-49.0625,-18.5625,-65.875
634,-51.375,-18.6875,-66.0625
635,-52.9375,-18.6875,-65.875
636,-54.0,-18.125,-65.8125
637,-55.25,-17.75,-65.875
638,-55.125,-17.6875,-65.625
639,-54.3125,-17.5,-64.9375
640,-52.125,-17.5625,-64.5
641,-50.0,-17.3125,-64.1875
642,-47.8125,-17.0625,-63.875
643,-45.625,-16.75,-63.5
644,-43.4375,-16.5625,-62.875
645,-39.5625,-16.0,-61.75
646,-34.4375,-15.1875,-60.4375
647,-28.6875,-14.0,-59.0
648,-23.0625,-13.0,-58.0
649,-17.9375,-12.375,-57.125
650,-14.5,-12.3125,-56.875
651,-11.3125,-12.5625,-56.8125
652,-5.5625,-12.625,-56.3125
653,0.3125,-12.3125,-55.9375
654,6.75,-12.1875,-56.1875
655,12.625,-11.875,-56.0625
656,17.625,-11.875,-54.9375
657,21.9375,-11.6875,-53.625
658,26.1875,-11.4375,-53.25
659,29.3125,-10.875,-53.375
660,32.25,-10.25,-53.875
661,34.875,-10.0625,-54.125
662,36.5,-10.4375,-54.25
663,38.5625,-10.125,-54.125
664,39.125,-9.9375,-54.0
665,38.75,-9.4375,-53.4375
666,38.1875,-8.9375,-51.375
667,35.375,-10.5,-50.25
668,33.0625,-11.8125,-50.1875
669,30.0625,-12.0625,-49.5625
670,23.0,-12.5,-48.625
671,14.9375,-12.3125,-47.875
672,7.875,-12.375,-47.875
673,2.625,-13.0,-47.875
674,-1.1875,-13.6875,-47.625
675,-5.375,-14.1875,-47.3125
676,-10.9375,-14.875,-47.375
677,-17.3125,-16.0625,-47.375
678,-24.6875,-17.125,-47.625
679,-30.75,-18.0,-48.0625
680,-36.4375,-18.6875,-48.6875
681,-42.5625,-18.9375,-49.375
682,-46.9375,-19.1875,-50.3125
683,-50.4375,-19.5625,-51.8125
684,-52.625,-19.75,-52.4375
685,-53.3125,-19.6875,-51.8125
686,-52.9375,-19.5,-51.25
687,-51.625,-19.1875,-50.4375
688,-48.1875,-18.125,-49.1875
689,-42.4375,-16.375,-47.6875
690,-37.125,-14.6875,-46.3125
691,-31.25,-13.3125,-45.25
692,-25.9375,-12.1875,-44.4375
693,-19.5625,-10.9375,-44.0625
694,-13.75,-10.0625,-44.0625
695,-1.5625,-9.5,-44.75
696,6.25,-8.125,-45.9375
697,13.8125,-7.3125,-47.375
698,20.6875,-6.1875,-48.8125
699,29.8125,-5.3125,-51.75
700,32.0,-5.25,-51.9375
701,33.25,-5.0,-51.75
702,32.5625,-5.3125,-51.25
703,30.8125,-5.4375,-51.1875
704,30.8125,-4.9375,-50.75
705,27.5,-5.625,-49.125
706,22.5625,-7.5,-46.75
707,16.3125,-9.9375,-45.4375
708,9.375,-11.5,-44.4375
709,3.125,-13.0,-44.375
710,-1.8125,-16.0625,-43.4375
711,-4.3125,-17.375,-43.1875
712,-4.75,-17.625,-43.875
713,-5.5625,-17.5625,-45.5625
714,-6.0625,-17.0,-48.75
715,-6.875,-16.375,-54.75
716,-7.3125,-16.1875,-60.9375
717,-8.1875,-16.1875,-65.875
718,-9.5,-16.5625,-69.375
719,-10.5625,-16.75,-71.9375
720,-11.0625,-16.25,-74.375
721,-11.0625,-15.625,-76.0625
722,-10.9375,-15.3125,-76.8125
723,-10.6875,-15.3125,-76.625
724,-10.6875,-15.3125,-75.25
725,-11.5,-15.0,-73.0625
726,-11.6875,-14.8125,-69.875
727,-11.25,-14.625,-65.25
728,-10.3125,-14.3125,-59.8125
729,-9.4375,-13.8125,-54.625
730,-9.375,-13.5,-48.875
731,-9.25,-13.25,-44.125
732,-8.9375,-13.0,-39.75
733,-8.375,-12.6875,-35.3125
734,-8.625,-12.25,-31.375
735,-8.0625,-11.4375,-27.125
736,-7.625,-10.6875,-23.125
737,-6.875,-9.9375,-20.1875
738,-6.875,-9.25,-17.9375
739,-7.75,-8.125,-14.6875
740,-8.6875,-7.375,-13.0
741,-9.875,-7.1875,-12.625
742,-9.6875,-7.25,-12.375
743,-10.4375,-7.125,-12.1875
744,-11.125,-7.0,-12.8125
745,-12.0625,-6.875,-14.125
746,-13.6875,-7.5,-16.4375
747,-15.125,-8.25,-19.625
748,-16.0,-8.875,-23.4375
749,-17.0,-9.625,-27.25
750,-17.875,-10.375,-31.5625
751,-18.9375,-11.1875,-37.6875
752,-19.125,-11.8125,-43.8125
753,-18.9375,-12.5625,-50.125
754,-19.0,-13.5,-56.6875
755,-19.8125,-14.125,-62.75
756,-20.5625,-14.25,-68.3125
757,-20.5625,-14.0,-71.1875
758,-20.4375,-14.0625,-72.0
759,-20.25,-14.125,-72.8125
760,-20.375,-14.1875,-73.4375
761,-20.3125,-14.0625,-74.125
762,-20.0625,-13.8125,-76.1875
763,-20.25,-13.8125,-77.1875
764,-20.3125,-13.75,-77.875
765,-20.0625,-13.75,-77.5
766,-20.0,-13.6875,-76.6875
767,-19.75,-13.8125,-74.9375
768,-19.1875,-13.8125,-72.625
769,-19.125,-13.75,-69.9375
770,-19.0625,-13.9375,-66.5
771,-18.75,-14.0625,-63.4375
772,-18.8125,-14.1875,-60.0
773,-18.5,-14.1875,-56.75
774,-18.0625,-14.0625,-53.9375
775,-18.1875,-14.25,-51.9375
776,-18.0,-14.125,-50.125
777,-17.875,-14.0,-48.875
778,-17.6875,-13.8125,-48.0
779,-17.875,-13.6875,-47.6875
780,-17.8125,-13.5625,-47.75
781,-17.875,-13.5625,-47.75
782,-18.0,-13.5,-47.75
783,-18.1875,-13.375,-47.75
784,-18.375,-12.9375,-47.9375
785,-18.5625,-12.4375,-48.25
786,-18.6875,-12.0625,-48.4375
787,-19.4375,-11.875,-48.4375
788,-20.0625,-12.0,-48.1875
789,-20.875,-12.0625,-48.125
790,-21.6875,-12.25,-48.125
791,-22.625,-12.4375,-48.0625
792,-22.9375,-12.375,-47.8125
793,-24.3125,-12.3125,-47.6875
794,-27.125,-12.5,-47.625
795,-30.9375,-12.5625,-47.625
796,-36.0,-12.8125,-47.8125
797,-41.375,-13.125,-48.0
798,-45.9375,-13.5,-48.4375
799,-53.5625,-14.6875,-50.125
800,-56.5,-14.625,-50.5625
801,-59.4375,-14.25,-50.6875
802,-61.375,-13.9375,-51.0625
803,-62.4375,-13.75,-51.0625
804,-63.125,-13.625,-50.875
805,-63.125,-13.5,-51.0625
806,-63.25,-13.375,-52.5625
807,-63.0625,-13.1875,-55.75
808,-62.125,-12.75,-61.25
809,-60.625,-12.0,-65.875
810,-60.5625,-11.25,-69.5625
811,-59.75,-10.125,-72.3125
812,-59.5625,-8.9375,-74.5625
813,-59.9375,-8.1875,-76.0625
814,-60.5,-7.5,-77.0
815,-60.9375,-7.125,-76.8125
816,-61.5625,-6.875,-76.5625
817,-62.3125,-6.25,-76.375
818,-62.4375,-5.4375,-76.3125
819,-61.0,-5.25,-75.8125
820,-58.5625,-5.6875,-75.375
821,-54.875,-6.4375,-75.375
822,-50.375,-7.125,-75.375
823,-45.625,-7.5625,-75.6875
824,-40.75,-8.25,-76.0
825,-35.375,-9.3125,-76.25
826,-29.5625,-9.9375,-76.125
827,-24.1875,-10.5625,-76.1875
828,-20.6875,-11.125,-76.125
829,-16.6875,-11.5625,-75.875
830,-12.0,-12.1875,-75.5625
831,-7.6875,-12.8125,-74.9375
832,-3.8125,-13.4375,-74.0
833,1.9375,-14.375,-73.6875
834,8.5625,-14.75,-73.375
835,13.9375,-15.6875,-73.125
836,18.9375,-16.4375,-72.6875
837,24.3125,-17.3125,-71.375
838,26.6875,-17.5625,-69.5625
839,28.1875,-17.1875,-65.5625
840,30.0,-17.125,-60.4375
841,32.5,-16.625,-55.125
842,33.4375,-16.375,-50.125
843,34.75,-15.875,-45.25
844,35.125,-14.8125,-40.6875
845,33.1875,-14.25,-35.9375
846,32.875,-13.125,-32.25
847,33.4375,-12.0,-29.125
848,35.125,-10.6875,-26.3125
849,36.375,-9.875,-24.5625
850,37.3125,-9.0625,-23.3125
851,37.0,-8.75,-22.3125
852,36.6875,-8.25,-21.8125
853,37.4375,-7.6875,-21.1875
854,37.625,-7.1875,-20.625
855,37.8125,-6.9375,-20.3125
856,37.8125,-6.75,-20.0
857,37.6875,-6.6875,-20.0
858,35.0,-6.875,-19.625
859,30.8125,-7.75,-19.0
860,28.5,-7.5625,-18.8125
861,26.5625,-7.3125,-18.625
862,23.625,-8.0,-18.1875
863,19.875,-9.0,-17.9375
864,16.5,-9.625,-17.25
865,12.8125,-10.375,-16.75
866,6.9375,-10.5625,-16.875
867,1.125,-10.375,-17.25
868,-3.5625,-10.375,-17.1875
869,-7.875,-10.0,-17.3125
870,-12.1875,-10.25,-17.6875
871,-16.875,-10.8125,-18.125
872,-21.125,-11.5625,-18.4375
873,-25.5625,-12.375,-18.8125
874,-29.25,-12.875,-18.875
875,-33.0625,-13.3125,-18.3125
876,-37.25,-14.25,-18.1875
877,-41.5,-15.125,-18.4375
878,-46.125,-15.4375,-19.0625
879,-50.375,-15.625,-19.4375
880,-55.0,-15.375,-19.3125
881,-58.9375,-15.5,-19.1875
882,-62.0625,-15.25,-19.4375
883,-65.0,-15.125,-20.125
884,-66.4375,-14.5,-20.875
885,-66.75,-14.0625,-21.3125
886,-67.4375,-14.125,-21.5
887,-67.75,-14.0625,-21.5625
888,-67.875,-13.8125,-21.875
889,-68.4375,-13.9375,-22.9375
890,-68.375,-14.125,-25.5625
891,-68.0625,-14.1875,-30.0625
892,-67.9375,-14.25,-34.8125
893,-67.875,-14.25,-39.9375
894,-68.375,-14.1875,-43.9375
895,-68.625,-14.1875,-46.3125
896,-68.875,-14.1875,-47.375
897,-69.0625,-14.1875,-47.6875
898,-68.375,-13.9375,-47.8125
899,-66.375,-13.25,-47.8125
900,-62.5625,-12.25,-47.75
901,-56.9375,-10.8125,-48.0
902,-49.75,-9.8125,-47.875
903,-43.6875,-9.0,-47.9375
904,-39.0,-9.0,-48.375
905,-34.6875,-9.1875,-48.5
906,-31.25,-9.375,-48.5625
907,-28.6875,-9.6875,-48.5625
908,-25.5625,-9.5625,-48.4375
909,-23.625,-9.8125,-48.6875
910,-21.0,-10.0,-48.9375
911,-17.125,-9.5,-49.375
912,-14.125,-9.1875,-49.5
913,-10.875,-9.0,-49.8125
914,-5.9375,-8.6875,-50.375
915,-1.25,-8.4375,-50.8125
916,3.5,-8.4375,-51.1875
917,8.1875,-8.1875,-51.3125
918,11.875,-7.6875,-51.75
919,15.3125,-7.0625,-52.125
920,17.625,-6.75,-52.75
921,19.125,-6.4375,-53.5
922,20.625,-5.875,-53.6875
923,20.5625,-5.75,-53.375
924,20.25,-5.8125,-52.6875
925,19.5,-6.25,-51.4375
926,15.0,-7.1875,-49.25
927,10.4375,-8.5,-47.125
928,4.3125,-10.25,-45.125
929,-2.0625,-12.1875,-43.75
930,-8.625,-13.875,-43.0625
931,-13.4375,-14.9375,-43.1875
932,-17.375,-15.125,-44.0
933,-21.0,-15.1875,-45.125
934,-22.8125,-15.3125,-46.375
935,-22.875,-14.8125,-47.1875
936,-23.0,-14.5,-48.25
937,-22.5,-14.25,-48.5
938,-21.75,-13.8125,-48.25
939,-21.25,-13.5625,-48.5
940,-20.4375,-13.0,-49.25
941,-20.0625,-12.875,-50.6875
942,-20.0,-12.9375,-53.6875
943,-20.3125,-13.0625,-56.6875
944,-20.4375,-13.0,-59.8125
945,-20.4375,-13.4375,-67.0625
946,-20.4375,-13.5625,-69.625
947,-20.125,-13.375,-71.25
948,-20.1875,-13.3125,-72.25
949,-20.125,-13.4375,-72.5
950,-20.125,-13.375,-72.5
951,-20.25,-13.375,-72.375
952,-20.25,-13.4375,-72.125
953,-20.125,-13.5625,-72.3125
954,-20.125,-13.5625,-72.375
955,-20.0,-13.5,-72.3125
956,-19.9375,-13.5625,-72.125
957,-19.5625,-13.5,-71.375
958,-19.0,-13.1875,-69.25
959,-18.6875,-12.9375,-66.375
960,-18.625,-12.875,-63.75
961,-18.375,-12.6875,-61.3125
962,-18.375,-12.625,-58.5
963,-18.25,-12.3125,-55.5
964,-18.0,-12.0625,-52.3125
965,-18.1875,-12.3125,-49.875
966,-18.3125,-12.3125,-47.3125
967,-17.8125,-12.0625,-43.75
968,-17.125,-11.5625,-39.5625
969,-16.5,-10.8125,-35.75
970,-15.9375,-10.125,-32.1875
971,-15.0625,-9.375,-28.75
972,-14.4375,-8.75,-26.125
973,-13.125,-7.75,-23.6875
974,-11.875,-7.1875,-21.5625
975,-12.3125,-7.3125,-19.875
976,-12.125,-7.125,-18.625
977,-12.75,-7.1875,-18.0
978,-14.9375,-8.3125,-17.5
979,-18.5,-9.5,-16.875
980,-19.5625,-9.5625,-17.1875
981,-20.0,-9.375,-18.0
982,-20.6875,-9.5625,-19.6875
983,-21.5,-10.1875,-22.375
984,-23.0625,-11.5625,-30.125
985,-23.9375,-12.3125,-34.125
986,-24.875,-12.75,-39.0
987,-26.1875,-12.9375,-45.125
988,-27.25,-12.8125,-50.625
989,-28.0,-12.625,-56.375
990,-28.1875,-12.375,-60.8125
991,-28.3125,-11.875,-64.375
992,-28.1875,-11.5,-66.75
993,-27.9375,-11.0,-67.9375
994,-27.6875,-10.75,-68.6875
995,-27.5,-10.75,-69.375
996,-27.5625,-10.9375,-69.75
997,-27.125,-11.25,-70.125
998,-24.875,-11.4375,-70.3125
999,-21.1875,-11.9375,-70.5
1000,-16.5,-12.4375,-70.875
1001,-12.125,-12.8125,-71.3125
1002,-10.0,-12.9375,-71.375
1003,-8.0625,-13.125,-71.125
1004,-6.0625,-13.3125,-70.625
1005,-4.9375,-13.4375,-70.125
1006,-4.0,-13.3125,-69.125
1007,-3.1875,-13.125,-67.125
1008,-2.25,-12.75,-63.625
1009,-1.4375,-12.5625,-60.375
1010,-1.125,-12.5,-57.625
1011,-0.5,-12.3125,-55.25
1012,0.375,-11.8125,-52.0625
1013,0.5,-11.5625,-49.0625
1014,1.0625,-11.125,-46.4375
1015,0.75,-10.5625,-43.6875
1016,0.9375,-9.875,-40.375
1017,1.0625,-9.1875,-37.25
1018,1.125,-8.4375,-35.5625
1019,0.5625,-7.9375,-34.25
1020,0.4375,-7.375,-33.0625
1021,0.3125,-6.9375,-31.9375
1022,0.125,-6.75,-31.25
1023,0.0625,-6.5625,-30.8125
1024,0.0,-6.4375,-30.5625
1025,0.25,-6.3125,-30.0
1026,0.3125,-6.1875,-29.4375
1027,0.1875,-6.1875,-29.3125
1028,0.1875,-6.25,-29.375
1029,0.0,-6.125,-29.5625
1030,2.0,-5.5,-30.0
1031,4.875,-4.5,-30.75
1032,6.375,-4.0,-31.125
1033,6.5625,-4.0,-31.0625
1034,6.5,-4.1875,-31.0625
1035,6.5625,-4.375,-31.75
1036,6.25,-4.9375,-33.625
1037,5.8125,-6.0625,-37.5
1038,5.25,-7.0,-41.125
1039,5.4375,-7.6875,-44.5
1040,5.8125,-8.5625,-48.125
1041,5.625,-9.5625,-52.0
1042,5.25,-10.6875,-56.6875
1043,5.1875,-11.375,-60.8125
1044,5.25,-11.9375,-64.125
1045,4.8125,-12.6875,-67.0
1046,4.75,-13.125,-69.625
1047,4.5625,-13.25,-71.6875
1048,4.3125,-13.125,-72.6875
1049,4.0625,-13.125,-72.8125
1050,5.3125,-13.5,-72.375
1051,9.25,-13.875,-72.1875
1052,12.5,-13.6875,-72.125
1053,12.3125,-14.0,-71.625
1054,12.8125,-14.4375,-70.3125
1055,14.75,-14.6875,-67.5
1056,15.375,-14.8125,-63.5625
1057,16.25,-14.0,-59.0625
1058,16.6875,-13.3125,-55.125
1059,17.0,-12.3125,-50.875
1060,17.0625,-11.5,-46.9375
1061,16.875,-10.75,-42.625
1062,16.375,-10.1875,-39.375
1063,17.4375,-9.0,-36.9375
1064,19.6875,-7.125,-35.3125
1065,20.4375,-6.125,-33.3125
1066,20.1875,-5.75,-31.125
1067,20.625,-5.375,-29.75
1068,20.6875,-5.1875,-29.125
1069,20.9375,-5.0,-28.8125
1070,20.8125,-5.0625,-28.375
1071,17.5625,-5.875,-27.4375
1072,13.0625,-6.5625,-26.25
1073,5.9375,-7.75,-24.8125
1074,-2.5,-9.6875,-24.25
1075,-9.875,-11.125,-24.1875
1076,-16.9375,-12.3125,-24.3125
1077,-23.875,-13.5625,-24.375
1078,-28.375,-14.25,-24.5
1079,-31.3125,-14.5625,-24.8125
1080,-33.5,-14.5625,-25.875
1081,-35.4375,-14.75,-27.625
1082,-37.625,-14.875,-35.375
1083,-38.3125,-14.4375,-42.125
1084,-38.875,-14.0,-48.9375
1085,-40.125,-13.5625,-54.5625
1086,-41.375,-13.5,-63.5625
1087,-41.0,-13.4375,-66.5625
1088,-40.9375,-13.1875,-68.5
1089,-40.75,-12.875,-69.4375
1090,-40.8125,-12.8125,-69.8125
1091,-41.1875,-12.5,-69.75
1092,-43.375,-12.0625,-69.4375
1093,-47.0625,-11.75,-68.9375
1094,-49.25,-11.1875,-68.375
1095,-49.8125,-11.0,-67.9375
1096,-49.125,-11.0,-66.5
1097,-49.1875,-10.75,-64.5
1098,-50.25,-10.375,-61.75
1099,-51.375,-10.5,-58.75
1100,-52.125,-10.875,-55.625
1101,-51.6875,-11.5625,-51.1875
1102,-50.375,-10.6875,-46.0
1103,-49.125,-9.6875,-41.9375
1104,-48.5,-9.375,-38.4375
1105,-48.25,-9.375,-34.3125
1106,-50.6875,-10.875,-31.125
1107,-52.0625,-11.25,-29.625
1108,-52.375,-10.8125,-28.875
1109,-53.5,-10.875,-28.625
1110,-54.625,-10.625,-28.0625
1111,-56.1875,-10.4375,-27.75
1112,-59.125,-11.0,-28.1875
1113,-61.1875,-12.0,-28.875
1114,-63.125,-12.6875,-30.1875
1115,-63.75,-12.75,-31.625
1116,-64.375,-13.1875,-34.375
1117,-64.5625,-13.5625,-38.9375
1118,-64.5625,-13.5,-43.875
1119,-64.5625,-13.25,-49.0
1120,-64.9375,-13.0,-54.1875
1121,-64.75,-12.125,-57.25
1122,-64.4375,-11.1875,-60.625
1123,-64.1875,-10.75,-63.8125
1124,-63.5625,-10.4375,-66.0
1125,-63.0,-10.25,-67.25
1126,-62.75,-10.0,-67.375
1127,-62.75,-9.875,-66.375
1128,-63.6875,-9.5,-65.25
1129,-64.1875,-9.4375,-64.5625
1130,-63.9375,-9.0625,-63.0625
1131,-67.8125,-8.3125,-61.0
1132,-71.125,-8.4375,-59.5625
1133,-72.3125,-8.5,-58.625
1134,-72.75,-8.6875,-57.9375
1135,-72.3125,-9.125,-56.6875
1136,-71.75,-9.875,-53.6875
1137,-71.0625,-10.75,-49.25
1138,-70.8125,-11.5,-45.8125
1139,-70.5625,-12.1875,-43.25
1140,-69.8125,-13.5625,-40.4375
1141,-68.9375,-14.4375,-36.9375
1142,-68.125,-15.1875,-33.9375
1143,-67.875,-15.6875,-31.5625
1144,-67.1875,-16.1875,-29.25
1145,-67.4375,-16.4375,-27.3125
1146,-67.375,-16.375,-26.25
1147,-66.9375,-16.25,-25.75
1148,-66.1875,-16.1875,-25.25
1149,-64.375,-15.875,-24.6875
1150,-60.75,-14.9375,-24.625
1151,-56.0625,-13.375,-25.3125
1152,-51.3125,-11.5625,-27.1875
1153,-44.75,-10.125,-28.875
1154,-38.875,-8.9375,-30.3125
1155,-32.9375,-8.125,-31.875
1156,-27.4375,-7.875,-33.625
1157,-23.5,-7.8125,-34.375
1158,-20.4375,-8.0,-34.8125
1159,-18.0,-7.9375,-35.0625
1160,-15.875,-8.1875,-35.3125
1161,-13.9375,-8.0,-35.9375
1162,-13.5625,-8.0625,-36.3125
1163,-14.6875,-8.5,-36.5625
1164,-16.0,-8.9375,-37.25
1165,-18.5625,-9.625,-38.25
1166,-21.1875,-10.0625,-39.875
1167,-23.1875,-10.25,-41.5625
1168,-24.75,-10.1875,-43.4375
1169,-25.6875,-10.5,-45.75
1170,-28.0,-10.6875,-55.8125
1171,-28.8125,-11.25,-61.5625
1172,-28.25,-12.125,-65.9375
1173,-26.1875,-13.0,-67.75
1174,-24.5625,-13.6875,-68.375
1175,-22.1875,-14.875,-68.1875
1176,-20.9375,-15.4375,-68.6875
1177,-18.5,-15.6875,-69.75
1178,-18.6875,-15.4375,-71.5625
1179,-20.75,-14.875,-73.0625
1180,-23.625,-13.3125,-74.25
1181,-28.75,-11.75,-74.25
1182,-35.25,-10.25,-72.625
1183,-42.75,-10.0625,-69.125
1184,-47.5625,-11.6875,-64.125
1185,-49.5625,-13.25,-59.125
1186,-50.375,-15.0,-54.375
1187,-49.375,-16.5,-49.6875
1188,-47.25,-17.8125,-45.5625
1189,-44.5,-18.6875,-41.25
1190,-41.8125,-18.875,-37.875
1191,-39.25,-18.875,-35.125
1192,-37.0,-19.3125,-31.4375
1193,-34.625,-19.8125,-28.875
1194,-32.625,-20.125,-26.875
1195,-30.0,-19.875,-25.6875
1196,-26.8125,-19.0,-24.3125
1197,-23.125,-17.75,-23.0625
1198,-18.75,-16.4375,-22.875
1199,-14.6875,-15.25,-23.1875
1200,-10.9375,-14.25,-24.0625
1201,-7.5,-13.3125,-25.25
1202,-4.0625,-11.9375,-27.125
1203,-1.4375,-11.0625,-29.75
1204,-0.25,-11.125,-32.625
1205,-0.3125,-11.5625,-35.625
1206,-0.5625,-12.5,-39.125
1207,-0.6875,-13.4375,-42.875
1208,-0.75,-14.0,-46.3125
1209,-0.8125,-14.4375,-50.125
1210,-1.9375,-14.9375,-53.1875
1211,-2.875,-15.375,-55.8125
1212,-3.625,-15.75,-58.375
1213,-5.125,-16.0,-60.0625
1214,-6.5625,-16.3125,-61.25
1215,-7.9375,-16.5625,-62.625
1216,-9.8125,-16.375,-63.75
1217,-13.625,-16.0625,-64.375
1218,-17.75,-16.0625,-64.8125
1219,-21.5625,-14.9375,-65.6875
1220,-28.1875,-15.9375,-65.6875
1221,-34.0625,-16.6875,-64.625
1222,-33.875,-16.8125,-63.25
1223,-34.1875,-17.625,-60.75
1224,-30.5625,-17.75,-56.8125
1225,-26.3125,-17.1875,-53.5625
1226,-24.375,-16.5625,-50.875
1227,-21.5,-15.625,-48.5625
1228,-18.5625,-14.5625,-47.0625
1229,-18.125,-14.1875,-46.5
1230,-16.125,-12.9375,-46.625
1231,-13.125,-11.3125,-46.25
1232,-12.9375,-11.6875,-45.375
1233,-13.875,-12.0,-44.625
1234,-14.6875,-12.25,-44.5625
1235,-15.875,-12.25,-44.375
1236,-16.625,-12.375,-44.4375
1237,-16.4375,-12.1875,-45.5
1238,-16.1875,-12.0625,-47.125
1239,-16.1875,-12.375,-48.0625
1240,-16.5625,-12.625,-48.375
1241,-16.3125,-12.5625,-48.9375
1242,-16.5,-12.4375,-49.875
1243,-16.75,-12.75,-51.9375
1244,-16.875,-13.1875,-54.875
1245,-17.0,-13.625,-57.0
1246,-17.4375,-14.125,-59.625
1247,-18.8125,-14.625,-62.625
1248,-19.0,-14.6875,-64.875
1249,-18.6875,-14.6875,-65.5
1250,-18.4375,-14.875,-65.4375
1251,-18.5,-14.9375,-65.0
1252,-19.75,-15.0,-64.0625
1253,-23.0625,-15.875,-62.8125
1254,-29.1875,-16.8125,-61.9375
1255,-34.1875,-17.75,-61.5625
1256,-35.3125,-18.1875,-61.25
1257,-34.9375,-18.1875,-60.5
1258,-34.5625,-18.0,-58.875
1259,-34.0625,-17.1875,-55.875
1260,-33.625,-17.0,-52.625
1261,-33.25,-16.6875,-49.625
1262,-32.875,-16.5,-47.0625
1263,-32.25,-16.375,-45.4375
1264,-31.4375,-16.3125,-44.6875
1265,-30.4375,-16.25,-44.3125
1266,-28.25,-15.8125,-44.0
1267,-24.1875,-15.125,-43.9375
1268,-17.75,-14.0,-43.8125
1269,-12.6875,-13.125,-43.875
1270,-8.5625,-12.5,-44.375
1271,-4.6875,-11.9375,-44.875
1272,-2.125,-11.6875,-45.4375
1273,1.5625,-11.5,-45.9375
1274,5.3125,-10.9375,-46.3125
1275,7.0,-10.125,-46.125
1276,7.0,-9.875,-45.0625
1277,6.75,-9.5625,-43.25
1278,7.0625,-9.125,-40.5625
1279,6.75,-9.0625,-37.0625
1280,6.0625,-9.0,-34.1875
1281,5.375,-8.875,-32.625
1282,4.3125,-8.9375,-31.6875
1283,2.75,-9.0625,-31.1875
1284,0.25,-9.8125,-30.5
1285,-3.0625,-10.3125,-29.4375
1286,-4.375,-10.0,-28.625
1287,-6.3125,-10.0625,-28.0
1288,-9.375,-10.8125,-27.375
1289,-10.5625,-11.0625,-27.0625
1290,-12.125,-11.1875,-27.25
1291,-14.625,-11.8125,-27.5
1292,-16.9375,-12.1875,-27.75
1293,-18.6875,-12.5,-27.75
1294,-19.125,-12.625,-27.875
1295,-18.1875,-12.125,-28.375
1296,-17.8125,-12.0625,-28.375
1297,-17.5625,-12.0,-27.8125
1298,-16.5625,-11.625,-26.5625
1299,-16.0,-11.25,-24.6875
1300,-15.0,-10.5625,-22.5
1301,-14.8125,-10.0625,-20.875
1302,-15.0,-10.0,-20.1875
1303,-15.0,-10.0,-20.5
1304,-15.1875,-10.1875,-21.75
1305,-15.625,-10.5625,-23.0625
1306,-15.4375,-10.625,-24.8125
1307,-15.6875,-10.8125,-26.6875
1308,-15.625,-11.0,-29.1875
1309,-15.75,-11.0625,-31.5625
1310,-15.8125,-11.1875,-34.3125
1311,-16.25,-11.25,-37.9375
1312,-16.5,-11.25,-42.5
1313,-16.6875,-11.4375,-47.8125
1314,-17.0,-12.0,-53.75
1315,-16.3125,-12.3125,-58.0625
1316,-15.5625,-13.0625,-59.5625
1317,-15.75,-13.875,-61.1875
1318,-15.3125,-14.1875,-61.9375
1319,-15.5625,-14.1875,-62.3125
1320,-15.75,-14.1875,-62.4375
1321,-15.9375,-14.0625,-63.0
1322,-16.1875,-13.8125,-63.5
1323,-17.75,-12.8125,-64.1875
1324,-21.25,-10.75,-64.375
1325,-25.5625,-8.4375,-62.875
1326,-30.0625,-6.875,-60.75
1327,-34.125,-5.75,-60.1875
1328,-38.1875,-4.25,-61.25
1329,-40.8125,-3.3125,-63.5
1330,-41.625,-2.8125,-67.0625
1331,-41.8125,-3.0,-70.125
1332,-41.875,-2.875,-72.75
1333,-40.875,-3.375,-74.625
1334,-38.75,-4.625,-75.625
1335,-36.4375,-5.75,-76.25
1336,-32.875,-7.375,-76.75
1337,-29.5625,-9.125,-76.625
1338,-24.8125,-11.125,-75.9375
1339,-19.0625,-13.875,-74.0625
1340,-14.25,-16.625,-70.875
1341,-9.5,-19.375,-66.875
1342,-5.75,-20.8125,-63.125
1343,-2.25,-21.4375,-59.0
1344,0.1875,-21.1875,-54.0
1345,1.0,-20.375,-48.25
1346,3.0,-18.5625,-41.75
1347,0.5625,-13.125,-29.5625
1348,0.1875,-11.1875,-25.375
1349,-1.0,-9.8125,-22.125
1350,-4.3125,-8.9375,-18.9375
1351,-6.8125,-8.0,-15.9375
1352,-10.25,-8.375,-14.125
1353,-13.4375,-8.5,-12.625
1354,-16.25,-8.375,-11.625
1355,-19.9375,-8.4375,-11.125
1356,-23.5625,-8.625,-11.375
1357,-27.4375,-8.9375,-12.5
1358,-32.0,-9.4375,-14.875
1359,-38.25,-10.4375,-18.8125
1360,-43.125,-11.5625,-22.5
1361,-47.8125,-12.0,-27.0
1362,-51.3125,-12.0625,-31.0625
1363,-53.0,-11.9375,-35.0
1364,-54.125,-11.3125,-39.5
1365,-55.3125,-11.5,-43.625
1366,-54.9375,-10.875,-47.75
1367,-53.1875,-10.4375,-52.5625
1368,-50.625,-10.0,-56.8125
1369,-47.9375,-9.875,-60.1875
1370,-43.6875,-10.1875,-62.4375
1371,-39.0,-10.3125,-63.25
1372,-33.3125,-11.0,-62.9375
1373,-25.6875,-12.0625,-62.625
1374,-20.25,-12.625,-62.8125
1375,-16.1875,-12.875,-62.25
1376,-14.0625,-12.5,-60.3125
1377,-12.1875,-12.6875,-57.6875
1378,-10.75,-13.625,-55.9375
1379,-9.625,-13.5,-55.0625
1380,-10.125,-13.375,-54.6875
1381,-11.3125,-13.3125,-54.0625
1382,-13.5,-13.8125,-53.3125
1383,-15.5625,-14.125,-53.3125
1384,-16.3125,-14.0,-54.3125
1385,-17.0,-14.0625,-57.75
1386,-18.4375,-14.0,-65.4375
1387,-18.75,-14.625,-69.3125
1388,-18.3125,-15.0625,-70.875
1389,-19.1875,-14.875,-72.5
1390,-19.4375,-14.8125,-73.375
1391,-19.0625,-14.6875,-74.4375
1392,-18.3125,-14.6875,-74.5625
1393,-17.8125,-14.8125,-72.75
1394,-17.5625,-14.75,-69.5625
1395,-17.25,-14.6875,-66.0
1396,-17.4375,-14.625,-61.9375
1397,-16.375,-14.1875,-51.6875
1398,-16.0625,-13.875,-46.1875
1399,-15.25,-13.375,-40.4375
1400,-14.3125,-12.6875,-34.9375
1401,-14.375,-12.6875,-31.8125
1402,-13.4375,-12.5625,-29.375
1403,-12.6875,-12.125,-26.9375
1404,-13.125,-12.1875,-25.3125
1405,-13.125,-12.125,-24.75
1406,-12.9375,-12.0,-24.3125
1407,-12.8125,-11.8125,-24.375
1408,-12.6875,-11.8125,-24.75
1409,-13.125,-11.9375,-25.5625
1410,-13.25,-12.0625,-27.8125
1411,-14.0,-12.5,-32.1875
1412,-13.6875,-12.8125,-36.5
1413,-13.25,-12.8125,-40.4375
1414,-13.0625,-12.625,-43.5
1415,-12.8125,-12.375,-45.375
1416,-12.8125,-12.5625,-46.375
1417,-12.9375,-12.625,-46.75
1418,-13.8125,-12.75,-47.0
1419,-17.9375,-12.9375,-47.0
1420,-24.0,-12.9375,-47.375
1421,-29.875,-13.25,-47.5
1422,-36.125,-13.875,-47.6875
1423,-41.75,-14.75,-47.875
1424,-47.875,-15.375,-49.0
1425,-54.75,-16.0625,-50.25
1426,-58.625,-15.6875,-50.0
1427,-60.1875,-15.125,-49.8125
1428,-60.3125,-14.5625,-49.875
1429,-60.3125,-14.25,-49.8125
1430,-60.375,-14.25,-49.625
1431,-60.3125,-14.25,-49.6875
1432,-59.8125,-14.0625,-49.875
1433,-59.5,-13.9375,-49.9375
1434,-59.625,-13.9375,-49.9375
1435,-58.75,-13.9375,-49.875
1436,-57.75,-13.75,-49.5625
1437,-56.375,-13.3125,-49.25
1438,-54.375,-13.0625,-49.0
1439,-51.6875,-12.875,-48.625
1440,-48.3125,-12.375,-48.5
1441,-44.375,-12.125,-48.0
1442,-40.9375,-11.875,-47.5
1443,-37.9375,-11.625,-47.25
1444,-35.625,-11.375,-47.0625
1445,-32.9375,-11.0625,-46.5625
1446,-30.75,-10.8125,-46.125
1447,-27.9375,-10.5,-45.8125
1448,-25.25,-10.0,-45.875
1449,-22.625,-9.6875,-45.875
1450,-19.5,-9.625,-45.75
1451,-16.125,-9.5,-45.625
1452,-13.1875,-9.25,-45.6875
1453,-10.4375,-9.25,-45.8125
1454,-6.8125,-9.375,-45.8125
1455,-2.875,-9.4375,-45.875
1456,-0.125,-9.75,-45.4375
1457,5.0625,-9.1875,-45.75
1458,9.375,-8.6875,-46.375
1459,13.4375,-8.625,-46.875
1460,18.1875,-8.5625,-47.75
1461,21.375,-8.4375,-48.1875
1462,23.3125,-8.375,-48.5
1463,24.125,-8.1875,-48.75
1464,24.5,-8.0625,-48.75
1465,24.75,-8.0625,-48.6875
1466,24.375,-8.3125,-48.1875
1467,23.5625,-8.5625,-47.5625
1468,22.625,-8.875,-46.875
1469,21.5,-9.25,-46.3125
1470,19.5625,-9.8125,-46.1875
1471,17.0,-10.6875,-46.25
1472,13.0625,-11.5,-45.5625
1473,7.75,-12.375,-44.5625
1474,1.5625,-13.0625,-43.8125
1475,-2.0,-13.375,-43.1875
1476,-4.5625,-13.5625,-42.6875
1477,-6.8125,-13.8125,-42.625
1478,-7.625,-13.75,-43.125
1479,-8.6875,-13.9375,-43.3125
1480,-8.625,-13.5625,-43.25
1481,-8.4375,-13.0,-43.5
1482,-8.375,-12.75,-43.8125
1483,-8.25,-12.3125,-44.3125
1484,-8.375,-12.125,-44.5625
1485,-8.75,-12.125,-45.1875
1486,-9.4375,-11.375,-45.625
1487,-11.25,-10.625,-45.625
1488,-13.25,-9.375,-45.0
1489,-15.5625,-7.3125,-44.4375
1490,-18.6875,-5.375,-44.1875
1491,-22.4375,-3.75,-44.3125
1492,-26.4375,-2.375,-44.5625
1493,-29.8125,-1.375,-45.625
1494,-32.375,-0.75,-47.6875
1495,-34.0625,-1.25,-51.5
1496,-34.25,-2.0625,-55.625
1497,-33.375,-3.0625,-58.9375
1498,-32.0625,-4.5625,-61.75
1499,-30.4375,-6.25,-64.6875
1500,-28.3125,-8.0625,-67.375
1501,-25.8125,-9.9375,-69.3125
1502,-22.9375,-12.0,-70.4375
1503,-19.8125,-14.75,-71.1875
1504,-17.0625,-17.4375,-71.4375
1505,-14.25,-20.1875,-71.625
1506,-11.125,-22.5,-71.1875
1507,-7.5,-25.0,-70.125
1508,-3.5,-26.9375,-68.1875
1509,-0.25,-28.1875,-65.375
1510,2.75,-29.125,-61.9375
1511,5.9375,-29.625,-57.375
1512,8.375,-29.4375,-53.4375
1513,9.5625,-29.0,-50.4375
1514,10.0625,-28.1875,-47.5625
1515,9.8125,-26.875,-44.375
1516,9.375,-25.25,-40.9375
1517,8.875,-23.125,-37.0625
1518,8.5,-21.0625,-34.0
1519,7.1875,-18.875,-31.5625
1520,4.9375,-16.625,-29.6875
1521,2.5625,-14.375,-28.3125
1522,-0.4375,-12.3125,-27.5
1523,-3.125,-10.5625,-27.125
1524,-6.0625,-9.125,-26.8125
1525,-8.3125,-7.9375,-26.6875
1526,-10.375,-7.0,-27.125
1527,-11.9375,-6.5625,-27.875
1528,-13.1875,-6.625,-29.0
1529,-14.0,-6.9375,-30.5
1530,-14.375,-7.5,-32.5625
1531,-14.1875,-8.5,-35.0625
1532,-13.75,-9.625,-38.125
1533,-13.125,-10.75,-42.375
1534,-12.1875,-11.625,-47.1875
1535,-11.3125,-12.125,-49.9375
1536,-10.1875,-12.0,-49.125
1537,-9.8125,-12.0,-48.9375
1538,-9.6875,-12.0625,-48.8125
1539,-9.3125,-11.9375,-48.3125
1540,-8.75,-11.8125,-47.8125
1541,-8.125,-11.875,-47.125
1542,-7.9375,-11.9375,-47.0
1543,-8.25,-12.3125,-47.3125
1544,-8.3125,-12.1875,-47.375
1545,-8.5625,-12.0625,-47.125
1546,-8.5625,-11.875,-47.0
1547,-8.5625,-11.8125,-46.625
1548,-8.3125,-11.8125,-46.5625
1549,-8.6875,-11.9375,-46.5
1550,-8.75,-12.0,-46.5625
1551,-9.1875,-12.1875,-46.4375
1552,-9.25,-12.1875,-45.5
1553,-9.0,-12.375,-44.625
1554,-8.9375,-12.375,-44.5
1555,-8.8125,-12.5,-44.4375
1556,-11.125,-13.0625,-44.875
1557,-12.625,-13.6875,-45.125
1558,-11.9375,-13.6875,-45.75
1559,-11.3125,-13.5625,-46.0
1560,-10.9375,-13.5,-46.125
1561,-9.375,-13.1875,-46.1875
1562,-10.0625,-13.6875,-46.4375
1563,-10.6875,-14.0,-46.125
1564,-10.6875,-14.0625,-46.1875
1565,-11.0,-13.9375,-46.4375
1566,-10.625,-13.6875,-46.25
1567,-10.5625,-13.625,-45.9375
1568,-10.5,-13.625,-46.125
1569,-10.4375,-13.6875,-46.25
1570,-10.625,-13.6875,-46.3125
1571,-10.4375,-13.6875,-46.3125
1572,-10.4375,-13.6875,-46.1875
1573,-10.1875,-13.6875,-46.1875
1574,-10.125,-13.75,-46.1875
1575,-10.0625,-13.6875,-46.25
1576,-10.125,-13.625,-46.375
1577,-10.0625,-13.5,-46.375
1578,-10.0625,-13.4375,-46.1875
1579,-10.0625,-13.4375,-46.1875
1580,-10.1875,-13.5625,-46.3125
1581,-10.25,-13.5625,-46.3125
1582,-10.25,-13.5625,-46.4375
1583,-10.0,-13.4375,-46.4375
1584,-9.9375,-13.4375,-46.5
1585,-10.0,-13.5,-46.5625
1586,-10.0625,-13.4375,-46.5
1587,-10.25,-13.4375,-46.4375
1588,-10.25,-13.5,-46.4375
1589,-10.0625,-13.5,-46.4375
1590,-10.0,-13.5625,-46.5625
1591,-9.8125,-13.5,-46.6875
1592,-10.25,-13.625,-46.6875
1593,-10.4375,-13.625,-46.5625
1594,-11.4375,-13.75,-46.625
1595,-12.875,-14.125,-46.5
1596,-14.5,-14.5625,-46.375
1597,-16.25,-15.0,-46.3125
1598,-18.5,-15.4375,-46.25
1599,-20.9375,-16.0625,-46.1875
1600,-20.1875,-15.8125,-46.0
1601,-19.5,-15.625,-45.9375
1602,-18.1875,-15.375,-45.6875
1603,-16.875,-15.0625,-45.75
1604,-13.3125,-14.25,-45.75
1605,-6.5625,-13.0625,-46.0
1606,-2.9375,-12.25,-46.125
1607,-1.5,-11.9375,-46.0
1608,1.5625,-10.75,-46.0
1609,0.25,-10.875,-45.625
1610,-2.0625,-11.125,-45.125
