,w,x,y,z
1,0.9998767008026477,-0.0052535856103083905,0.0021838669610526945,0.01691033085804628
2,0.9997979401559772,-0.005295803762350682,0.0016023112911137723,0.0226728873411908
3,0.9997236074199752,-0.006709086614710403,-0.000695324635087493,0.024001159866599845
4,0.9998200082467249,-0.00793299871410204,-0.006413779920496284,0.017192652378269415
5,0.999859286733939,-0.007763334660133139,-0.007773362342399449,0.013585516842700714
6,0.9999228781437874,-0.008719068125511008,-0.009056786998524509,0.008531800428300155
7,0.9999539685242427,-0.00986245733361355,-0.011542699070648964,0.002234385227486358
8,0.9998886348677812,-0.008843739298903683,-0.013571167798124135,-0.001510214759816067
9,0.9999236534717768,-0.00970857671635308,-0.014121778246907487,3.1766899475670074e-05
10,0.9998833225636391,-0.009765906197305229,-0.01322593082704482,0.007348450344667969
11,0.9997067123413652,-0.00998173201463047,-0.010428941086624488,0.020501769570262104
12,0.9993506323190167,-0.009703876368984687,-0.007699117565820588,0.03580794924867136
13,0.9986178503512962,-0.009512656337021115,-0.0038195217839268806,0.0522603098935735
14,0.9974542688567755,-0.008474314297470514,0.0007121134743551165,0.07177506007916931
15,0.9963547697357925,-0.009909581334358345,0.004264192057251264,0.08504449011267735
16,0.9952749189398734,-0.009673006356611183,0.007577061131916476,0.0969445493040477
17,0.9939446749313237,-0.008938730995791814,0.011898669923507646,0.10939579715127792
18,0.9922416286635068,-0.008552154853871861,0.0177084314314715,0.12331215411107721
19,0.9903720428218435,-0.008542553231030961,0.023442531012591538,0.1365825862369779
20,0.9884112648133605,-0.009151281346402251,0.027556312910102736,0.14911165900582327
21,0.9861701626940989,-0.008655774484636607,0.031047150889366437,0.16277478390923378
22,0.9836929120345345,-0.007323220904944352,0.03385509272853965,0.17654767370443836
23,0.9810329466827181,-0.006994588103845983,0.03718888665846201,0.1904538499142739
24,0.9774985421866065,-0.006139008593952959,0.04086016864379068,0.20698151102984302
25,0.9721947288174733,-0.005401856798485087,0.047643783489334166,0.22933613717949705
26,0.96522043589922,-0.003920169818257699,0.05577264172270764,0.25551046418108286
27,0.9515237002486114,0.007758650532580392,0.06781631478405016,0.30009637098166303
28,0.9381873705638921,0.016043993387163023,0.07620069508297116,0.3373639380847622
29,0.9246772689806309,0.021149925082335774,0.07930486772082933,0.37191249398878135
30,0.9090067186159567,0.024971025946670562,0.081602657866786,0.4079762963906498
31,0.8957175096908191,0.023016769896160045,0.0871916752790969,0.4354629888557194
32,0.8919046899079188,0.024040560246943603,0.0849826253866594,0.4436602764492294
33,0.8847544873886241,0.024571139798424624,0.08200353035463234,0.45821206366718203
34,0.8744340008779012,0.02447329464204337,0.0803706397477635,0.47791261604329216
35,0.8640837783238291,0.025976890997036893,0.08327071750421498,0.49585356132928726
36,0.8551592178816382,0.0261294120409279,0.08280668577125258,0.5111037530312051
37,0.8512590333953913,0.027780116456607447,0.07780354291506618,0.5183099168816514
38,0.8479320135491203,0.03185374390285453,0.07277320518031932,0.5242086459725661
39,0.8461113230452778,0.03221257123035796,0.06999277834980511,0.5275002358591557
40,0.8462351959455271,0.03074056351787601,0.06629999920443956,0.527859597414524
41,0.8489960607553177,0.02796682746582388,0.0670328504276427,0.5234750314299775
42,0.8507496886427538,0.025780702937243948,0.06964670855484517,0.5204046562537068
43,0.8540257075473188,0.025510380964447184,0.0685114942898395,0.5150929110127002
44,0.856799713867962,0.02536014800561807,0.06644333800057892,0.5108180399834309
45,0.861434186839688,0.024546447936734408,0.06720488919802997,0.5028639482516152
46,0.8679151223932686,0.022695745866687222,0.07467242041296865,0.4905849936355685
47,0.8752952114219644,0.02206135702590407,0.07637736754637495,0.4770726989050195
48,0.8825843351492495,0.02120925292578041,0.07529182551625821,0.46367445689488845
49,0.8932111214309999,0.01856983725935502,0.07057016715720324,0.4438022649884678
50,0.907140437843497,0.019025861227627484,0.06180785033882667,0.4159475534606661
51,0.9194238019332847,0.02464232965237928,0.050961431350312225,0.3892827469141254
52,0.9316938834121241,0.026233514092952364,0.04334015742804824,0.3598327268123586
53,0.9429633352648732,0.026903507244184742,0.03370931138757095,0.33029651789837805
54,0.9506402201866714,0.026914589358475766,0.029134160594004574,0.3079804225323381
55,0.9567320319652179,0.019406178737816925,0.02815622917934895,0.28912687311882845
56,0.9630777386954887,0.021227114107973316,0.025470411010461005,0.26721122872143777
57,0.9709423048502932,0.027731416146594103,0.01552999962573876,0.23734678219423186
58,0.97711589890346,0.030382020421665858,0.0090641395072633,0.21044128114078356
59,0.9823706404508975,0.034747262342454864,0.0034624114837683772,0.18376691414447252
60,0.987098635758621,0.0363429077263573,-0.001783112862159718,0.1562542993908377
61,0.9908452006387332,0.03307099057905919,-0.00528626296256836,0.13107571856876626
62,0.9940267343018782,0.026853986440910912,-0.00893174183932507,0.10563862235462067
63,0.9966254956239012,0.020717829551362837,-0.015371742090374292,0.07883859943239631
64,0.9982241538483116,0.018676145606328364,-0.02181769199061611,0.05296124696989629
65,0.9991326748304952,0.0197286498760611,-0.02828335549320429,0.02497842902495232
66,0.9992039471255956,0.02145692051734663,-0.03449036094854451,-0.004807067374054695
67,0.998364691564592,0.021015895452330388,-0.03929070739962127,-0.03657660994564086
68,0.9963878568936607,0.017094025936599325,-0.046696187118149754,-0.06904383384382652
69,0.9936133178372275,0.016508737955972113,-0.05429896262817617,-0.09814315794599356
70,0.9908200447317072,0.017978222903590694,-0.057902194079418524,-0.12130487872036043
71,0.9871458509529519,0.016030347749959026,-0.05805983729789052,-0.14819679404061717
72,0.9812060797171333,0.014121031653363222,-0.06241758820897592,-0.18231302945135064
73,0.9710186980829124,0.0126328311225861,-0.0759457332025939,-0.22651969331777902
74,0.959525780751659,0.01202835835720538,-0.08527744308428314,-0.2682953505201347
75,0.9486105759510832,0.01211749847883288,-0.087635135184555,-0.3040169934286822
76,0.9347063819269265,0.01299687811657313,-0.08645314037307596,-0.3446104083731154
77,0.9155310196292745,0.012820392775579236,-0.08590873333824638,-0.3928270258867993
78,0.8980466310023398,0.01298026122695245,-0.08726675279755222,-0.43105144165635695
79,0.8848636812157007,0.017554582099784253,-0.08430466748690027,-0.45794072764639143
80,0.8738184665072609,0.019651682650577294,-0.08118060945305668,-0.4790976020191891
81,0.8655431212324309,0.019016357582713656,-0.07802553875366591,-0.494430194771844
82,0.8572539287012577,0.01608824178030096,-0.07507909764072045,-0.5092396936284521
83,0.8505705422409422,0.014764533508416465,-0.06996076809809185,-0.5211021531400314
84,0.8459821804740301,0.013122355161490986,-0.06546314754932213,-0.5291023681392675
85,0.8472006579661293,0.01435921043376149,-0.06325870051635057,-0.5274118158147392
86,0.8517224329295622,0.017337794946115877,-0.06444054886346426,-0.5197376134208384
87,0.8614437782790169,0.018415424819350573,-0.06582284791372832,-0.5032778298326555
88,0.8685973312537975,0.0247495021968109,-0.06361335169984642,-0.49085605891674444
89,0.8708448673366064,0.034838589893082514,-0.060167507677213065,-0.48669122847013296
90,0.8788674727998013,0.037653887217144154,-0.054383631303946106,-0.47247382262835963
91,0.892862620511785,0.03461977068222716,-0.045419426853159806,-0.4467696857764272
92,0.9079962107601157,0.034475344511406505,-0.02990328081008209,-0.416575047867746
93,0.9152529916719638,0.041250995600473156,-0.022505101224658517,-0.4001481598807982
94,0.9240042603497578,0.038747480614143376,-0.015175274396519299,-0.3802261442828723
95,0.9377881102131159,0.036421960813733785,-0.0051645781903541035,-0.34537052608748026
96,0.9535128220324302,0.03409374975698773,0.008114059886202698,-0.2994528730598075
97,0.9655588740314031,0.043152293530856006,0.023334486463309097,-0.2556390220519275
98,0.975720782893664,0.04745870979345393,0.029300616896663936,-0.2119458184370946
99,0.984796025685283,0.046931242132461914,0.03658012951463093,-0.163360560243419
100,0.9920407499188314,0.04580668596442451,0.040626658463164295,-0.11068291593817133
101,0.9960081611887404,0.04242328333880842,0.040638729398180584,-0.06807598410215226
102,0.998110207225229,0.03579430233340308,0.03722681174061688,-0.03380839342715185
103,0.9989981837502848,0.030660430052170128,0.03103770759548747,-0.015575162237850357
104,0.9993855292418933,0.024669189766105302,0.02682314671506044,-0.004556975514578298
105,0.9993804267503021,0.024826466697157684,0.025671674804499573,-0.0018032819204098147
106,0.9990981039510145,0.03449125058828223,0.02669964891567376,-0.0014127097685408402
107,0.9979626478068452,0.059309192108730736,0.025069465671951216,-0.0027175085935178672
108,0.9952906496379298,0.09257068977190117,0.029038085823651485,-0.004909174044736541
109,0.9911455149337667,0.12857972899787032,0.034419031319560964,0.0026117193676497823
110,0.9861085149999949,0.16195841065492245,0.037389425081023525,0.009966124987793238
111,0.9812786273083652,0.18801598152214252,0.040983975901739286,0.012303507706758539
112,0.9772227163270333,0.2075202656634279,0.04351509220806841,0.011984242273721041
113,0.9729988031453034,0.22613054074629704,0.04518686242909309,0.01192270849234545
114,0.9690028707281394,0.2423939209158571,0.04722797050416857,0.013029656743925993
115,0.9650415807980571,0.25714328393238856,0.04943815289355644,0.01349271222179502
116,0.9624242058020004,0.2669992248493083,0.048533545684186455,0.013439588899359768
117,0.9605361531716895,0.2737919006015014,0.048031516091409474,0.013364535126098552
118,0.9589978334555473,0.27920544605777897,0.04753468435601933,0.012115607623746638
119,0.9592356301187299,0.27837914526123714,0.0476280762224561,0.011248877133099449
120,0.9606544996150277,0.27364971073313865,0.04730517648665884,0.011123837408173284
121,0.9631522690374279,0.2650477197211346,0.04535742494724344,0.012079066884206822
122,0.9685018834387772,0.2450612032096236,0.04286957053844386,0.013239140653333016
123,0.9762704273148683,0.2126478700174629,0.039496849735989215,0.012023047577139949
124,0.9858984694063424,0.16339011360758166,0.03619629497857931,0.009064460901425377
125,0.9926964554915783,0.11584548606254494,0.03466543546259153,0.00858990730834571
126,0.9967134296598777,0.07474739268313127,0.03207397927392492,0.0065647021229856585
127,0.9992777444536735,0.027763688126468993,0.02698184781973086,0.002246866947159934
128,0.9996874526328441,-0.01575897002207111,0.022321686323194874,-0.0033262437192417005
129,0.9987539065662132,-0.046611913051223725,0.01991398884428118,-0.006236886553983814
130,0.9974725656298734,-0.06894383579418181,0.01787978295829902,-0.004722202001393373
131,0.9958481724933202,-0.0901807572503415,0.01467312204856926,-0.0025811383018066354
132,0.992913619367191,-0.1187534284114866,0.01287779623125142,0.0008172718454991165
133,0.98958516178762,-0.14386941324276664,0.011563952336421065,0.0021904622677136713
134,0.982872043613173,-0.18421863367128574,0.008052222141541585,0.0014659981712775647
135,0.9776175246939307,-0.21055012901446316,0.005562665941163292,8.980261094232445e-05
136,0.7083512485284424,-0.17121590980674495,0.1614496933738388,-0.6654860065606714
137,0.7031186932476954,-0.18816630630458922,0.1722801415822238,-0.6637899298783373
138,0.699722085092007,-0.20234998140513027,0.1814641062731874,-0.660768265991632
139,0.6963081435796691,-0.21737392296551047,0.19147139354392595,-0.6567192492619945
140,0.6939207579841876,-0.22970926289302954,0.19871065415572312,-0.6529242374456109
141,0.6954724582732044,-0.23687406028226268,0.1990994756625567,-0.6485342017420063
142,0.6953410713410934,-0.24223629536527358,0.20068378371633389,-0.6462633339109036
143,0.6957232189213123,-0.2428850664903049,0.19955230491017487,-0.6459437281437517
144,0.6969893525349153,-0.23743537975457524,0.19624946678794042,-0.6476030248755167
145,0.6990684786978226,-0.2273786607980444,0.19032216001592764,-0.6507547819242725
146,0.7020971453636796,-0.21415332149474578,0.18051852287223014,-0.6547299865420886
147,0.7052396031087974,-0.19805054338245007,0.1687545859570989,-0.6595129079229034
148,0.7085321047572372,-0.17654504869143314,0.1532748438116797,-0.66591167336036
149,0.7114977707029502,-0.14456406788516202,0.12926059662095193,-0.6754552966896316
150,0.7149808818316503,-0.11183913531547005,0.10468689859588065,-0.6821777997690214
151,0.72171529225883,-0.08509525117632066,0.08181506567522834,-0.6821103069479808
152,0.729458134893472,-0.05543967125747936,0.06099208958331638,-0.679124777309374
153,0.7321520792950073,-0.02559100863400535,0.04069498122294014,-0.6794887924907612
154,0.7316064604002362,0.0027693081773857153,0.020505806252256474,-0.6814981395146551
155,0.7317606900900506,0.029386538934462234,0.00013434583190638505,-0.6809958206093294
156,0.7308620717858475,0.05281367339780091,-0.016749237228061955,-0.680348048877555
157,0.7297356588884398,0.06655219918792807,-0.02773049468425612,-0.6799680995808822
158,0.7279490469183189,0.07329450219900557,-0.033609558306245,-0.6808822739553603
159,0.726509143929301,0.07286404919663123,-0.03495170073913602,-0.682455534484586
160,0.7259980407172352,0.07196137323337864,-0.03616017845537224,-0.682994532524411
161,0.7271589096163462,0.07032151769726139,-0.037847222539480224,-0.681843460192944
162,0.7300086604829881,0.06927469162307046,-0.03969762097625847,-0.6788348694116514
163,0.7342803420828691,0.06803222195046618,-0.040691441250924026,-0.6742304298242271
164,0.7387112563081492,0.063933359625222,-0.03925707252120974,-0.6698755721406346
165,0.7423026849038562,0.056976737522588486,-0.03557562022744239,-0.6666776808599071
166,0.7490123354609259,0.051055465435044495,-0.030797806399473302,-0.6599492264412393
167,0.7558514714984874,0.051698493704282304,-0.030530163625406566,-0.6520403807037286
168,0.7632602066667241,0.05220902183142876,-0.029004907346191162,-0.6433863489387289
169,0.7711149624891924,0.0534007640500798,-0.02697098042223733,-0.6339370670426455
170,0.7782169427795153,0.05476166728940355,-0.02619104361522127,-0.625129380179726
171,0.7852055935177863,0.054014713613024345,-0.02153367055790876,-0.6165471608279878
172,0.7941328829762125,0.053980119955398226,-0.019307784981847997,-0.6050887262747848
173,0.803844604621716,0.0547583415981631,-0.01590301819588323,-0.5921012543812264
174,0.819615478706412,0.05609220986796771,-0.006670082718304755,-0.5701923756680646
175,0.8368355344617268,0.05861098424465298,-0.0014902658586371312,-0.5443909268535637
176,0.8585156908570315,0.06022027771188243,0.007792266382035017,-0.5093041105378128
177,0.8785560820217599,0.05997289979988351,0.011207601275442762,-0.4738699878699188
178,0.8941477205261597,0.05909385438995068,0.012665062580423245,-0.44376153371319677
179,0.9059159175745218,0.058529890734668875,0.015002645245443307,-0.41919622162183245
180,0.9163543362667509,0.06003878543810275,0.014570176553705077,-0.39571649890196564
181,0.9241065714557201,0.06145648683965998,0.012867043709534752,-0.3770953230999273
182,0.9277282036082863,0.05923986753257606,0.012274380231012728,-0.368359558886813
183,0.9267718274365885,0.05534610498927234,0.014783828431708524,-0.37139197897842025
184,0.9269155355312988,0.05550950251311354,0.014390039651083581,-0.3709005372720808
185,0.9270635039062479,0.07049191710520936,0.011240349360259704,-0.368200864052458
186,0.9263139612756768,0.09568785015687975,0.0040877984598709435,-0.36451086123970705
187,0.9246419983349607,0.11843152001054107,-0.002303273387694744,-0.3620455443332605
188,0.9219402878038868,0.14071654808428685,-0.011062138448491257,-0.3608214347429375
189,0.9197001205596378,0.15805129475711283,-0.02003762432559149,-0.3590164442226066
190,0.9173880830402172,0.17030179398021106,-0.029661543854752333,-0.358548354055556
191,0.9156425979872631,0.1791804880028979,-0.03655407743553884,-0.3581336588626013
192,0.9146106168485859,0.18463898938089324,-0.04000450406461969,-0.3576439240390967
193,0.9141096254830188,0.18766144764154558,-0.04092837618677258,-0.3571754122128419
194,0.9133471092840404,0.18614789790802216,-0.04101222121212326,-0.3599181886840163
195,0.9094672439745929,0.1834036466476844,-0.04318450216054514,-0.3707625280689529
196,0.8981369357315322,0.18367653489553254,-0.04959196556640012,-0.3964675248671299
197,0.8809654250064222,0.18444929402960186,-0.05988363551301206,-0.43165912311109444
198,0.859496481016446,0.18293281751389828,-0.07038052216444426,-0.47218180019630257
199,0.8332566920549465,0.17870735029401946,-0.08583212532582643,-0.5162216400945827
200,0.7985308387840988,0.1740218356105369,-0.09730098063306251,-0.5680763832752493
201,0.7631007414986309,0.16930404886017514,-0.10439903032372559,-0.6149952709904394
202,0.727972295770444,0.1627052659313534,-0.11222861298430024,-0.6565325881072852
203,0.6905261378294708,0.15439134471563848,-0.1238459105433154,-0.6957480805385391
204,0.6430237477504477,0.14033467587191542,-0.1429064145510392,-0.739248887952262
205,0.5837934894140933,0.12252558200338894,-0.1644961122024064,-0.7856051062572544
206,0.5360895519287695,0.11521067304443106,-0.17559802399199675,-0.8176608614227359
207,0.49489521457449387,0.11078394054443894,-0.17773841078454355,-0.843390753631839
208,0.4517942739870453,0.1059603316715548,-0.18047843169114774,-0.8672605229551463
209,0.41296529570059354,0.10141708326027715,-0.18147678527378172,-0.8867034803984698
210,0.3779470564824085,0.09554250554387295,-0.18010158116730415,-0.9031745997046967
211,0.3582997958782046,0.09316797528685355,-0.17855866768915363,-0.9116367608620172
212,0.34862442971592483,0.09544288834738042,-0.17614050548299565,-0.9156227248818959
213,0.3453001062552481,0.09831963036033742,-0.17326975886153145,-0.9171515132547312
214,0.3444973386231285,0.09583323331882511,-0.1665493251852066,-0.918980007182988
215,0.3401325850888992,0.08822298929922648,-0.1560502955440089,-0.9231363232334326
216,0.3399898702551372,0.07729388209753447,-0.14001967948855745,-0.9267658247917309
217,0.34963397721547207,0.06818153891623245,-0.11006724701076434,-0.9279589482308401
218,0.3540581874656268,0.05253497025853689,-0.08168569806866412,-0.9301925947681795
219,0.35666898346884285,0.03410904151897116,-0.053550628716388465,-0.9321245829458957
220,0.3522930618079973,0.016924676544453968,-0.029379226646746043,-0.9352978692853045
221,0.34711458501371795,-0.001957720726740164,-0.0030257766125236993,-0.9378682670349963
222,0.34643020397695595,-0.02011529128526314,0.027493540846457096,-0.9375034018308634
223,0.3457391856084194,-0.03452201980558702,0.05132097719094782,-0.9363559613060308
224,0.3435152046461368,-0.04933732008493382,0.0705382009547051,-0.9352614587753135
225,0.34124380378822966,-0.062370520298051776,0.09062450697837401,-0.9335549220059686
226,0.33992847343264904,-0.07498248242818988,0.11206582359504058,-0.9307907444055862
227,0.33679380991648306,-0.0868588216547442,0.1307448793707139,-0.9284349503127604
228,0.33397279593394524,-0.1006498975774824,0.14950501689677995,-0.9252585175881285
229,0.33320397411487346,-0.11277804185366501,0.16593624939020166,-0.9212999435936234
230,0.33363545202378764,-0.11986167549338195,0.17481641349081495,-0.9186225866642294
231,0.3345437053875133,-0.12777971257010176,0.18298622554665084,-0.9156075395012622
232,0.33722755205125937,-0.13635724342106725,0.19125777569463373,-0.9117026255991854
233,0.3430793263659392,-0.1423774886037137,0.1962859069504225,-0.9074895458542408
234,0.35284511042410227,-0.1493991588824526,0.20115406593161697,-0.9015258426779464
235,0.3705220206334526,-0.15132191057569006,0.2089850341438675,-0.8922914338552772
236,0.39216367501459004,-0.15391161128207798,0.21102694216417012,-0.8820502443451966
237,0.42108645618886725,-0.15906685316393318,0.2111395192513823,-0.8676616305008131
238,0.44958884496669205,-0.1657506169072215,0.20967100647365164,-0.8523293883977917
239,0.47844247984477983,-0.17232177163869225,0.20864601372640262,-0.8354652175620141
240,0.5103158480274891,-0.17523422915368997,0.2038347348525624,-0.8169545911602208
241,0.5420600756910536,-0.1758460257543675,0.1969311367503696,-0.7978339475072289
242,0.5764338175341234,-0.1810077217677844,0.1920272775779043,-0.7734013674106154
243,0.6211399797830406,-0.1805235878669357,0.19605900236597454,-0.7370265192330548
244,0.6643412078076866,-0.17809272039986285,0.20146284264320366,-0.6974265299364425
245,0.6960325568431208,-0.18249494921662773,0.19635376323974071,-0.6661001032760157
246,0.7246109969113694,-0.19245686863593373,0.1846029911776362,-0.6354837315274244
247,0.7532476760513112,-0.19954516245299903,0.1742995952673557,-0.6020897286589079
248,0.781172615572698,-0.20265545714671968,0.16594765491175606,-0.5668217075758353
249,0.8075490236524216,-0.20085203797740794,0.15814107007468275,-0.5316132561533677
250,0.830575018385475,-0.197465190776573,0.1508740818215338,-0.49841796798770266
251,0.8517874580515084,-0.19397109780762425,0.14537700858485897,-0.46455635455925365
252,0.8717646072329603,-0.19049414841078166,0.14016865639222284,-0.42919786025151546
253,0.8888289887528182,-0.18697551974299573,0.13458532133466286,-0.3961890796798376
254,0.8980698810865266,-0.1879305633396818,0.12629129919862148,-0.3771665429703915
255,0.903823115397883,-0.18692280196695432,0.11754880609312848,-0.3665965248663667
256,0.9137683304541694,-0.18213592839239384,0.11183465313007249,-0.3455831521578984
257,0.92780658350681,-0.17342102034208234,0.10658044981470133,-0.3128512755510088
258,0.9365185835758865,-0.1689665554484995,0.09805415573030105,-0.29130500187932185
259,0.9402576440036188,-0.1624297069121991,0.08821145619025611,-0.28612374418219816
260,0.9434446051446979,-0.1558063928127679,0.08305572510480015,-0.2806263800588953
261,0.9451739141061978,-0.15043791732394304,0.07039806685072143,-0.281395659921001
262,0.9449866904952038,-0.13535259209273587,0.05258646697317421,-0.2931889692351946
263,0.9450791595972374,-0.09757720138949394,0.031594564528390434,-0.3104475036185006
264,0.9430978775046568,-0.05027866563578047,0.011160427573198562,-0.32858201491343253
265,0.9398121729970276,-0.009846687288578551,-0.004385820527634209,-0.3415507846365069
266,0.9368085404560723,0.019835164764420887,-0.014392151207268254,-0.34916981777208744
267,0.9332459431622171,0.04374328433226342,-0.025827293199148373,-0.3557112007214119
268,0.9298400350448579,0.0662477686819009,-0.036772540718495485,-0.3601408365584053
269,0.9255681657935402,0.08700531612357429,-0.048969526790554975,-0.36525383536096473
270,0.9199127890101872,0.1058802443441691,-0.06221872635372468,-0.372583851242611
271,0.9141328312399766,0.1256913251884716,-0.07424232557660547,-0.3783228819847064
272,0.9087156707679092,0.1398110596946046,-0.08340757777156577,-0.38449641267668694
273,0.9033213237910739,0.14835923491135078,-0.09070912468358075,-0.3922374578349383
274,0.8975927546520653,0.1530451884159004,-0.0972165458910565,-0.40192432907277875
275,0.8927345242111515,0.15418588531961394,-0.10127001165142424,-0.41124265739854393
276,0.8859584893397855,0.15522227837515515,-0.10663785456943878,-0.42386178500501537
277,0.8759714818648657,0.15780375542499653,-0.11320138820866435,-0.44167080819898785
278,0.861237047605063,0.16109321350638311,-0.11906367976022894,-0.46709942702182733
279,0.8422123463777689,0.16347178576666463,-0.12145413723118703,-0.4992626363299011
280,0.8179790095805884,0.16472439074194706,-0.12141640501373087,-0.5376605793186963
281,0.7941574470254755,0.16559904565809322,-0.12194162676578194,-0.5719112356681131
282,0.76358122817207,0.16854127091703422,-0.1286526912939565,-0.6099504583747879
283,0.7277243514289607,0.17209087685858762,-0.14032364521321203,-0.6489909018242788
284,0.710613629722774,0.17102073650798166,-0.14165527182028914,-0.6676819583084369
285,0.705608291967212,0.16293669315823345,-0.13483182180153733,-0.6763432500335214
286,0.7040335147047136,0.15730452750610843,-0.12808543484208848,-0.680622695315818
287,0.7020775824359105,0.15882102623692926,-0.12858946832363596,-0.6821685277867572
288,0.7009865037433691,0.16132154062636675,-0.1325585557338335,-0.681960684124834
289,0.7045388728788764,0.16155816979383894,-0.13300727268965512,-0.6781917585482602
290,0.7086234360660537,0.15936201780400375,-0.12916498007564173,-0.6751603248492563
291,0.7132869198126571,0.15031283266175705,-0.11999914084616103,-0.6740190878123807
292,0.7139267413226356,0.15013232539151072,-0.11959303778428251,-0.673443159197412
293,0.7130997691713327,0.15306329229529797,-0.12153939249645503,-0.6733404874923162
294,0.7136611277916141,0.1562784698893099,-0.12287451231219673,-0.67175742788532
295,0.7141541574138056,0.15839534937673486,-0.12286101655752994,-0.6707869649782363
296,0.7182397831344152,0.15854584917598255,-0.12284714705006808,-0.6663075305199984
297,0.7260347615448308,0.16178663918597708,-0.12274354544620986,-0.6570675096721148
298,0.7362130328849187,0.1655895010391189,-0.12248729267591713,-0.6446716505832429
299,0.7407487480403684,0.16899837720073357,-0.12280517080219056,-0.638553394554883
300,0.7382178704360428,0.17621807081755692,-0.12713707875470004,-0.6386831201354488
301,0.7329950044975478,0.19073085879833823,-0.13070178335552612,-0.6398057055523823
302,0.7289763977941522,0.19268317744342162,-0.1307054976093064,-0.6438101284175088
303,0.7287764697712862,0.18063016947165045,-0.12224859133424054,-0.6491586817905018
304,0.736161682798655,0.14886753081024423,-0.10010510862444712,-0.65263459784038
305,0.7424258789899701,0.10936486504178163,-0.07138296207256899,-0.6571314923016367
306,0.7465794018109503,0.06396046884047474,-0.037096709171093215,-0.6612617491506307
307,0.7481674560221121,0.0279061023741152,-0.008053851285467001,-0.6629202033200255
308,0.7511804913819109,-0.005759143485513631,0.018547745363410435,-0.6598431955392183
309,0.755925035284821,-0.04287966201491826,0.04916732942854095,-0.6514286339935598
310,0.7604206679656258,-0.07364381010280167,0.06987983476516274,-0.6414991241060458
311,0.7651952301790798,-0.1028249870091357,0.08876244218192454,-0.629389283388302
312,0.7718966635759296,-0.12106486801983962,0.10043118650606515,-0.6160657960853929
313,0.7808146904585647,-0.1256630120386761,0.09950189940760702,-0.6039043686234845
314,0.7965742330374282,-0.12475212266439223,0.09045819807912721,-0.5846505310855148
315,0.8191582579699568,-0.12441644870021187,0.08615790965668257,-0.5533630203410693
316,0.8420971203363478,-0.12260489501383626,0.08272781678313398,-0.5187300138992499
317,0.8636134810097869,-0.11328116626649776,0.07918333256313885,-0.4849074179438894
318,0.8761991876936062,-0.09908466486195484,0.0710600224237647,-0.4663882029141962
319,0.8788700321075026,-0.08350087767437796,0.06032617099298321,-0.4658898756185982
320,0.8782363056440287,-0.06351399528046768,0.04479714924141921,-0.4719303592289831
321,0.8786180675978554,-0.03439765315450804,0.028758918496044637,-0.4754973899257826
322,0.8778301956528016,-0.001823894593968145,0.012847593170417145,-0.47891322076913023
323,0.8779115665657355,0.0322963077522523,-0.006131153206925711,-0.47781487535016404
324,0.8777742606449739,0.06683760148207539,-0.02020824453164282,-0.4740525170378412
325,0.8760328192293639,0.09390031267821741,-0.03077298971150589,-0.4721137160125241
326,0.8716215024865905,0.12163184993090169,-0.04287811227598586,-0.4730022595650941
327,0.8668082592329669,0.14623332591685514,-0.05275531575514511,-0.47388637234585196
328,0.8637007427289544,0.162424412704967,-0.058548194448115584,-0.4735948101039366
329,1.66279614124831,0.2974663980720895,5.943594958226805,0.27637488231500856
330,0.8698614482249888,0.17822697595822956,-0.057921818249267565,-0.45644955768628936
331,0.8821735920800371,0.1805050840604268,-0.054125057827951066,-0.43169364320702125
332,0.8961100440863645,0.18328435806896864,-0.05027567758051883,-0.4011992221670173
333,0.9131904037567226,0.18655677417135785,-0.04576724497603865,-0.3595101169351377
334,0.9267602910754545,0.18625954379140652,-0.0409745926098776,-0.3237176667918764
335,0.9334546685964824,0.1824815752890873,-0.042187986716346444,-0.30603314559478917
336,0.9352456672361977,0.17629912780170415,-0.04133192015896103,-0.3043237953379611
337,0.9397726557108048,0.16157816262222693,-0.036571183835775706,-0.29907394646656377
338,0.9469597469261373,0.141259089535301,-0.027504696157428964,-0.2874546562993454
339,0.9524623590753497,0.11916865606221724,-0.01979603160251482,-0.2797789284547338
340,0.9569859055018651,0.09599075874237346,-0.012611126708126905,-0.2736503860630992
341,0.9601697962185405,0.0698487013865452,-0.004356420638189368,-0.27069231905051716
342,0.9631806717167254,0.03910142398604524,0.0034373203770011627,-0.2660635446123557
343,0.9657877200364803,0.0012062870610738026,0.014308876557600322,-0.2591119964808792
344,0.9665627612713106,-0.03161665379520283,0.020867476434719753,-0.25378688072950395
345,0.9657986504341418,-0.05548551151666806,0.03031844572565797,-0.25161401140349415
346,0.9641188680362053,-0.0767521047419447,0.039499376038030436,-0.25121294338681516
347,0.9616054283167866,-0.10172156008263351,0.04826514270889115,-0.2504488072243728
348,0.9587306818811817,-0.12453847103140112,0.054626434289883855,-0.2497899807686849
349,0.9558580920770287,-0.14015952984927246,0.059992584491776024,-0.2513214090552746
350,0.95283237959473,-0.1550562263288248,0.061029078366387164,-0.25391820216832145
351,0.9504086771459674,-0.16789057657528933,0.06363657614374403,-0.25417198061518687
352,0.947995857459471,-0.17454960380564208,0.06509215416101885,-0.2581770369341683
353,0.9400702385904826,-0.18169891232097962,0.07133267716887057,-0.2797036167255007
354,0.92051317053683,-0.1973924551638861,0.07497641586211792,-0.32882124361462867
355,0.8938465471309244,-0.20502275882223236,0.07182415999127761,-0.3923697589460209
356,0.865583463945162,-0.20353967755188968,0.07210150221210462,-0.4518886615385525
357,0.8238519005941728,-0.19570908782167204,0.08669532393986469,-0.5248340085224403
358,0.7757274258611122,-0.1917463223743897,0.10006393775406994,-0.5929035228182429
359,0.7285288135642926,-0.18798726494105952,0.10881533271721444,-0.6497680425186856
360,0.6880678408600389,-0.1829255088933665,0.11315653100091082,-0.6930716404602513
361,0.6624986116122629,-0.1766102729863952,0.1138901778571243,-0.7190505743090178
362,0.6440149082423596,-0.16843162547324686,0.11462103619911058,-0.7374336962439395
363,0.6352409658123611,-0.16679486185461417,0.10969504781682426,-0.746083032001789
364,0.6343850949548169,-0.16202928045178228,0.1063895661306518,-0.7483261553266919
365,0.6380571810405815,-0.1530469738016829,0.1009420823967055,-0.7478867357324107
366,0.6403581761567081,-0.1302361731851882,0.08646829651823953,-0.7520570277706714
367,0.642306178745748,-0.09571084000398006,0.06233014899288268,-0.7579396939358231
368,0.646333719064392,-0.06810188547466567,0.034882644325466616,-0.7592434836010519
369,0.6525794826217776,-0.03946883342812115,0.009304322377442109,-0.7566734677655657
370,0.6549474647795098,-0.009306977861979586,-0.013498336907645979,-0.7555371078049458
371,0.6563341130784864,0.017759440244573495,-0.03135355351856657,-0.7536984576299574
372,0.6597319958962742,0.042869475248652,-0.04533188822006709,-0.7489703833172607
373,0.6628939428294529,0.06511329382807832,-0.05371404870435935,-0.7440334941638025
374,0.6600920074923312,0.08237077910762756,-0.05968940266954191,-0.7442764648571737
375,0.653489386890523,0.09099665023150105,-0.06489684359035251,-0.7486914769077747
376,0.6368413231182137,0.09220689568963247,-0.06969077496083138,-0.7623323243789104
377,0.6082009595919938,0.09435995993969595,-0.07588868345170866,-0.7845351626005399
378,0.5822600387908057,0.10070357336269956,-0.08185798768366573,-0.8026055656186313
379,0.5563829607171037,0.10034698987703325,-0.08662156877490709,-0.8203237509115994
380,0.5244389465777912,0.09630886939534009,-0.09066825569038418,-0.8411881442632788
381,0.49491685350065984,0.09631986488127478,-0.09144191741884267,-0.8587788468124676
382,0.47963206440792805,0.09226855792146747,-0.08695810030921242,-0.8682994954113991
383,0.47536720484210937,0.0875678161262527,-0.08064635770091014,-0.8717557242842597
384,0.46984998001406303,0.08123236051748467,-0.07117499171927483,-0.876111673113723
385,0.4611492752119962,0.05619388602099999,-0.048685935746490744,-0.8842525075393485
386,0.4540617900185946,0.020587859605508546,-0.016978265292294233,-0.8906087194718987
387,0.44847674134386123,-0.00918285806431416,0.012207366755077336,-0.8937440546678417
388,0.4483162907492134,-0.03519093258949049,0.0383007940924271,-0.8924363045784532
389,0.4467915943961553,-0.056848052602354905,0.06274303585490107,-0.8906912561774575
390,0.444168783318732,-0.08005934410650627,0.08892492263564866,-0.8879356505221363
391,0.43976990393140136,-0.10207630028960614,0.11515503666162043,-0.8848719119026008
392,0.4298570264392876,-0.12107951071718318,0.14164339192387976,-0.8834717041097522
393,0.4170836894180213,-0.1304343600604964,0.14895710866588416,-0.8871132075495944
394,0.4097949896090541,-0.13851396679313865,0.15567699562271597,-0.888077935168265
395,0.409457554872329,-0.15126965442986287,0.17284948847021445,-0.8829483501436272
396,0.41189900734369456,-0.16023177296675395,0.18546452635902463,-0.8777146554145802
397,0.41529131639419187,-0.1643342726329107,0.18868868273055614,-0.8746528680381677
398,0.414859429803726,-0.167152307314627,0.1900343831083671,-0.8740581661921415
399,0.4040198725372699,-0.16891584383834307,0.18872278959070243,-0.8790520489766627
400,0.37670969432264795,-0.16622305125472975,0.18308977777302596,-0.8927797492774038
401,0.34507214919587376,-0.1595607360920354,0.1735495704865385,-0.9085477667324471
402,0.31055201939833044,-0.15842836260988538,0.16790135774344658,-0.922158828890756
403,0.2918184979527187,-0.1567399384533771,0.16434541725934534,-0.9291745651390878
404,0.293054498474006,-0.15013337606234622,0.16073017082590044,-0.9304783844688086
405,0.2982804579050648,-0.13792582951622767,0.14717734954337536,-0.932928946231257
406,0.3041636611822262,-0.1126769595274948,0.11557708255522292,-0.9388598843308797
407,0.3127931273318844,-0.07377990780980528,0.06859163635697794,-0.9445000315793787
408,0.320853755592148,-0.03856040757172122,0.031702704805486835,-0.9458541322536189
409,0.32595346487241156,-0.009276012657819063,0.004971478986891851,-0.9453377897450821
410,0.33395569309488754,0.019123074702243163,-0.02202749828823522,-0.9421955562732426
411,0.34102030698915037,0.043777334726570194,-0.04447995825270015,-0.9380085077923432
412,0.34941940261006704,0.06878645362883751,-0.06352477730966816,-0.9322985300102463
413,0.35766045088918946,0.08759358105890493,-0.07795626270495157,-0.9265035402181142
414,0.36056112423059145,0.09800220874802085,-0.08548991151677413,-0.9236726901579456
415,0.3726400785271365,0.10634785178594466,-0.09015671983556167,-0.9174874846518687
416,0.41331630568598293,0.11988984651003001,-0.08748923165544174,-0.898437496633967
417,0.44934545357816513,0.13374521439384546,-0.08962516414999339,-0.8787613114722214
418,0.46683507635231214,0.1384775386442607,-0.09893349306791413,-0.8678318644324398
419,0.5066804385560968,0.14396815363616708,-0.10168406084489327,-0.8439376808084001
420,0.5707437768496119,0.15007868062185314,-0.09366338706883788,-0.8018915126227428
421,0.6333581617279861,0.15563707751133682,-0.08565066679174346,-0.75323494839127
422,0.6744888124286237,0.16100199488523326,-0.08714535653684649,-0.715293156437137
423,0.6983525088305393,0.16144584086510602,-0.09056297455306654,-0.6914581789624223
424,0.7125581723388212,0.16464733182385227,-0.09116626794813976,-0.6759550576393241
425,0.724491426935503,0.16937678108369164,-0.0886548750356494,-0.6623080359887049
426,0.735385851156077,0.1667860197389669,-0.08061374114070721,-0.6518696434417909
427,0.7398499561224342,0.16393442055537816,-0.07232534706168633,-0.6485050262748471
428,0.737426251810578,0.1598594569559393,-0.06734782130971824,-0.6527924187917896
429,0.7366186963916931,0.14995833028874445,-0.060586055548909064,-0.6567294878968691
430,0.7370352401246061,0.14842514839897056,-0.06112589313695292,-0.6565838016556828
431,0.7401405808922066,0.1521350517144665,-0.06430562531050585,-0.6518879033300335
432,0.7547989981553098,0.15476967173773146,-0.06346797701132724,-0.6343819741168779
433,0.7768310338317188,0.1587069493372954,-0.06272439610555597,-0.6062522341936054
434,0.8047009372974839,0.16315696321704817,-0.06078385579577474,-0.567600393486947
435,0.8322687768272307,0.16892900193602994,-0.06118986807708814,-0.5245323931659799
436,0.8567945418828762,0.17981937302278242,-0.06186113552640168,-0.47938539018231563
437,0.8761791722830828,0.1816244018700406,-0.05900931205553411,-0.4425697557957504
438,0.8924671034082472,0.18069927965702398,-0.05784993616250228,-0.40931571824973007
439,0.9076376664458443,0.18615020183488074,-0.05780908973944073,-0.3719285750464563
440,0.9210085174945545,0.18288887179598107,-0.055989470546471506,-0.3394706504109066
441,0.9301794113312184,0.1735215992269358,-0.05301770607707956,-0.3192290838665856
442,0.9360300254535551,0.1556065634618638,-0.0467177891284593,-0.3122774033704528
443,0.9434454421177871,0.12550499317931402,-0.034458196690086686,-0.30497239121317954
444,0.9499127871739362,0.09682292839804517,-0.02113793115519203,-0.2964427931826323
445,0.9526883908479064,0.07117199146439974,-0.009249128422880065,-0.29540429467021306
446,0.9519935768794987,0.05410937386924518,-0.0013445065627770217,-0.3014661706213638
447,0.9495859144943498,0.040455085747213654,0.0034894858032663047,-0.3110126552715238
448,0.9457744526027342,0.029936266825864005,0.0060291122905505035,-0.32358920471684904
449,0.9368343397264512,0.02286830063702284,0.006268260948721455,-0.3491784684561081
450,0.9222578763035958,0.017475670066501033,0.006965176921833306,-0.3861540155672729
451,0.9021528172558854,0.013084593004529247,0.011487310786314639,-0.4311682339505411
452,0.8791151117269261,0.008765181223420081,0.01017382624355519,-0.47653181347428236
453,0.8535001695243634,0.0013165225285319444,0.005140306221779295,-0.5211310147574078
454,0.8238233647671793,-0.006124992268107997,-0.0016945514826357377,-0.566853326007845
455,0.7865555056963979,-0.010594373708805553,-0.008026945671452866,-0.6174695574659423
456,0.7474496623971167,-0.014244735039088293,-0.011526964789412432,-0.6640883721682324
457,0.7208391994943781,-0.018639013762063412,-0.007172456015365779,-0.6928079568512808
458,0.6998339749506602,-0.015670089235484908,-0.002335099362141109,-0.714197360841395
459,0.6674141794795283,-0.01574610695422049,-0.0025526150864474684,-0.7445581072192438
460,0.6289722440784679,-0.014825748988785543,-0.002240075004610584,-0.7773377378205591
461,0.587600124611987,-0.011406362113614066,-0.004204864654828763,-0.809116969429382
462,0.5525564066435411,-0.0050710353983277195,-0.006815780861089627,-0.8334855381400277
463,0.5183665829012398,0.0021111044510131877,-0.010831787201719505,-0.8551347173695705
464,0.4782572587644882,0.003584268806659713,-0.014571719721306966,-0.8781664631108272
465,0.43886080221301405,0.00013961313078528215,-0.01771551563471779,-0.898410665276687
466,0.40062103454844916,-0.002518571701493222,-0.019490210334549805,-0.9160741690348614
467,0.3576910976423358,-0.004488294855804584,-0.023092206599677832,-0.9335952557632493
468,0.3315797058686008,-0.00346275726515681,-0.02403986570601693,-0.9431479719587779
469,0.31939522682648763,-0.009272805929560979,-0.011075058148189727,-0.9475323836925674
470,0.3077655749642064,-0.015467698453773042,0.004177695020537758,-0.9513863107826486
471,0.29520874341244324,-0.03145296921692635,0.030582996441233006,-0.9544796742549415
472,0.29188928138723547,-0.04227949097686035,0.0648687195300659,-0.9533759681504003
473,0.29288910308469723,-0.05583053490000661,0.09302033792055013,-0.9500306269457952
474,0.29129014222706817,-0.07590204373156278,0.12137533159725443,-0.9459170036602603
475,0.28905836904593485,-0.09021312038180013,0.14134868499682637,-0.9425589333735424
476,0.2860354052358597,-0.09781324993776828,0.15160039376989362,-0.9411477352680191
477,0.28727425919263894,-0.10338984913459917,0.1537424734715725,-0.9397975947889269
478,0.29769893973601175,-0.10901665580723485,0.15354282468074834,-0.9359378459120832
479,0.3172404541715128,-0.11627181151835564,0.1544470219395029,-0.9284938858114751
480,0.35237989052138996,-0.12022528337228704,0.15045196076715164,-0.9158770434039204
481,0.40230290809154373,-0.12105642910646833,0.14432054664910537,-0.8959472117809466
482,0.4517390027185953,-0.12487451852236511,0.14311864084335366,-0.8717222494108944
483,0.4992165430359879,-0.1327079627361274,0.1445561535311695,-0.8440010091360187
484,0.5544627090355856,-0.14001106277024486,0.14702953285505427,-0.807071727367419
485,0.6047214947846576,-0.14392364533695917,0.14576359267917877,-0.7697295525574901
486,0.6529259696677198,-0.14590677584549192,0.14311564333861684,-0.7293818731244637
487,0.703749415676104,-0.1508765143208579,0.13866019371851462,-0.6803069333969632
488,0.7496274160387462,-0.15426842951054898,0.1364805359851332,-0.6290252330131451
489,0.7882409281629589,-0.15551607009118493,0.13566801187338542,-0.5798201672969433
490,0.8180768098817138,-0.15534035482991634,0.13511665066984857,-0.5370249609460831
491,0.8419118041292722,-0.15675756850194691,0.13408912022598535,-0.49867554465857095
492,0.8628247505835622,-0.1594677983664362,0.13174651310429825,-0.461374854448796
493,0.880397854196746,-0.16014634300770106,0.1294031592310589,-0.4273222617024884
494,0.8959077302215205,-0.15452274131723565,0.13096152770240133,-0.3955372468048388
495,0.9103536756939641,-0.14684304476504786,0.1294434019827634,-0.3646749968066626
496,0.9179081952613233,-0.1401478843866521,0.12542869376141258,-0.34959014747438716
497,0.9216844360617605,-0.1338566366619848,0.11791881952615235,-0.34470536752036673
498,0.9260399450801071,-0.10917152458318731,0.10503458879232637,-0.3457124777083478
499,0.9270859697689984,-0.062364196304034385,0.08174881598370173,-0.3605350632220503
500,0.923134059542597,-0.015722554836845072,0.05337558541591113,-0.38047515281187083
501,0.9153969853680364,0.02321977878795509,0.02273647517485943,-0.4012961776776606
502,0.9058973421544119,0.050938820327262005,-0.004342168820502108,-0.4205315609556132
503,0.8937949187716668,0.06761437853319545,-0.025268967824401273,-0.44267896443157195
504,0.8672398979919702,0.07527514361736841,-0.039437824027738114,-0.49069045603000117
505,0.8120886730817157,0.0816999957576581,-0.058484468249488976,-0.5748681888176818
506,0.7540569496555994,0.09251642090185933,-0.07421230697204706,-0.6460603970847325
507,0.6932743201194901,0.09989196704310517,-0.08415707339977324,-0.7088117723890032
508,0.6138342038993615,0.09960848524453467,-0.09424355659707127,-0.7775279360751401
509,0.5210033987409266,0.09192122686808218,-0.1027635207681565,-0.8423633347865876
510,0.4468205832109282,0.0833787579222897,-0.10621377956579751,-0.884409125979287
511,0.41221705812565035,0.07787993147545039,-0.10775417812047901,-0.9014063997834705
512,0.42288161004953784,0.07735885126866698,-0.10338106672895458,-0.8969714279521436
513,0.45698720584723257,0.0800089129104512,-0.09924963236974652,-0.8803401947872025
514,0.5017540512267484,0.0748759173633069,-0.09887227660849578,-0.8561459771052216
515,0.5539709241469882,0.07277236405102103,-0.09079783364352617,-0.82442001171802
516,0.6198680501489706,0.07395574286709816,-0.07117955236061772,-0.7780099053801368
517,0.6747660016837584,0.07231179118099597,-0.05245618180346805,-0.7326721133981848
518,0.7141446860815166,0.06926133170423455,-0.03610462014548769,-0.6957163799323972
519,0.7333384544517625,0.0607215031852223,-0.027332682342296594,-0.6766472440565989
520,0.7517079691214098,0.046419886239689234,-0.023546361791974366,-0.6574991406037242
521,0.7534752486173502,0.033193467180092466,-0.016869727003182833,-0.6564868820428447
522,0.7457291790464341,0.022449584775879106,-0.009608202441788952,-0.6658539848683539
523,0.73808472974674,0.01532345206399309,-0.0048727388105023195,-0.6745916048787917
524,0.7335836724591454,0.01177420339340593,-0.003518556189141167,-0.6795651178809688
525,0.7327058897567109,0.009178200909117827,-0.002236433754501485,-0.680511776517997
526,0.7330488568086416,0.007735392969017367,-0.0001226403052654937,-0.6801715069617161
527,0.7334729910082598,0.00647298340868744,0.0019720683432449364,-0.6797949397431191
528,0.7344312168869749,0.005879307274241498,0.001968681158912154,-0.6786999383883173
529,0.7404548240876887,0.0032615222175638586,-0.0015184268167792725,-0.6721424247928243
530,0.7606305259368438,-0.00767786523509556,-0.008144000423835306,-0.6491281748263851
531,0.7830607150603652,-0.021736831402345128,-0.014223939453331783,-0.6214150408011518
532,0.807864878390944,-0.034170785329908596,-0.02453369840959348,-0.5879490397210303
533,0.8321492760988464,-0.03759257579995066,-0.03793567034229274,-0.5520423172473077
534,0.8536282491621587,-0.029266574059737226,-0.05327970188717499,-0.5173799129461454
535,0.8699147957326977,-0.006275578743714535,-0.06588141893711441,-0.4887788638309459
536,0.8815109440061696,0.026087568170707304,-0.07211269091975592,-0.466007857270592
537,0.8847991861504095,0.06167897638008677,-0.07987383260961017,-0.45494990091340726
538,0.8796701716534623,0.09202566474699446,-0.09440337034569364,-0.45699132555640215
539,0.869436981744661,0.12038287052593975,-0.11021004948493353,-0.466424705694827
540,0.8581974635691993,0.14980151717701637,-0.11836577973163148,-0.4765529170395263
541,0.8442080766089094,0.17149288241598518,-0.12229610940280207,-0.49295150163316914
542,0.8285134628341483,0.1845951544685482,-0.1260579499680888,-0.5134875241099217
543,0.8081831246317288,0.19730295666923703,-0.1315215321155829,-0.5391799879658493
544,0.7814754103874706,0.2083919396096687,-0.13964236015913878,-0.5713936133402175
545,0.7533701429918588,0.21921780764872878,-0.14755571543742302,-0.6022639367633854
546,0.7265646283794714,0.22835616731333286,-0.14932964569181303,-0.6306341733296155
547,0.6988928436915899,0.22893722096402655,-0.1422443704715452,-0.6625556788510275
548,0.6625524616862445,0.21817083063494758,-0.129754304632258,-0.7047563617498322
549,0.6163723026988224,0.20733095389542594,-0.11528368436598255,-0.7509423329835376
550,0.5763398920818537,0.19749768936384343,-0.1019120961332014,-0.7864631461218725
551,0.551744789193387,0.1820616650878833,-0.08703237223115637,-0.8093207855507704
552,0.5318795509386477,0.14577747282217546,-0.05355817191171634,-0.8325108920445823
553,0.5074366453417911,0.08843979522983915,-0.009372963785241935,-0.8571199538330062
554,0.4915372687010324,0.04771483741445325,0.023404215481802056,-0.8693013031147317
555,0.4915105004469257,0.013469800820639588,0.04864995584415403,-0.8694801536346645
556,0.5049933480876563,-0.033561944705879525,0.07946528193964782,-0.8588580522755066
557,0.5220965503507095,-0.09877938250109006,0.11435894747934293,-0.8394563220693948
558,0.5437923377360565,-0.15333853395349303,0.13464337749315775,-0.8140656461746077
559,0.5739369972404524,-0.181269299086835,0.1369396896257889,-0.7867896733040847
560,0.614541841488636,-0.20518816700518444,0.14069772231858754,-0.7487182573254929
561,0.65855066277807,-0.2303919928457629,0.14948853709905324,-0.7006484002360132
562,0.7002728804350883,-0.24871469756245795,0.15253951160871443,-0.651542018697385
563,0.7430725752866636,-0.25098521180577954,0.1472595923061524,-0.6026591464634649
564,0.7943990906641125,-0.23849812884749383,0.13776028417337816,-0.5414478805463343
565,0.843040693411211,-0.2171500958998231,0.1276318076303428,-0.47527763598492206
566,0.8768977338126939,-0.19373725456824917,0.11486534450174678,-0.4247917618101571
567,0.8984890600289575,-0.1687801180230409,0.09782431891239865,-0.3934272639652285
568,0.9153389095555531,-0.13600821000107424,0.0784377103077133,-0.37086536857253727
569,0.9273263804556335,-0.09687824868996033,0.06193339847231942,-0.35635567209321967
570,0.931221916041099,-0.061568350067974044,0.04608867855210648,-0.35629857867013814
571,0.9292441169396689,-0.02651633335120547,0.027962763058435328,-0.36749236193770884
572,0.9199233300252676,0.012785729882471512,0.0045586816123735704,-0.39195756610890325
573,0.903628759980249,0.05180187228792538,-0.02052695106957491,-0.4248222419929271
574,0.8813036292738448,0.08210900673376817,-0.042667484610062284,-0.46347469161320615
575,0.849947272025286,0.09635465180261951,-0.05808819400387635,-0.5147946950661874
576,0.8117517670355769,0.10924625422414874,-0.07692340136701138,-0.568616544459566
577,0.7739575877855074,0.12183555349763013,-0.0971764380121344,-0.6138731560581654
578,0.7407204772637034,0.12964444569173444,-0.11267106160890365,-0.6495605026880412
579,0.7145418385782943,0.12067737535983031,-0.1167886670736922,-0.6792042511999118
580,0.6964711366291703,0.11073691066542728,-0.10953459454004158,-0.7005664893729266
581,0.6860697137603661,0.10516812184536024,-0.10414065947492013,-0.7124050405132154
582,0.6873959817519723,0.09999685449662546,-0.10143694185891503,-0.7122165812120818
583,0.70252501434111,0.09871830575869782,-0.09446357782037271,-0.6985203158891249
584,0.7153484338548963,0.09297341386986031,-0.08427043191028119,-0.6874657825970772
585,0.7317970262083006,0.08876957927583067,-0.07412010381238729,-0.6717066161251273
586,0.7415433942940844,0.0815035825235418,-0.06269095877607864,-0.6630338665208556
587,0.7435279791347519,0.07193886945372147,-0.052792418484945994,-0.6627850439182068
588,0.7390950159554349,0.0606683191917361,-0.044436841292459124,-0.669457028330143
589,0.7330574111478176,0.048974067479894544,-0.03630753361348413,-0.6775067677578352
590,0.7295934722652401,0.03961171595131575,-0.02960751443175161,-0.6821988351948388
591,0.7271845362290426,0.03230521509517968,-0.02689801964622754,-0.6852193675286412
592,0.7250873134161016,0.022601094168896843,-0.02328402858391204,-0.687923589896029
593,0.724805554236157,0.016825021658066028,-0.02194505426433729,-0.6884272707978459
594,0.7235129589348638,0.015015188406206609,-0.02087331552935276,-0.6898794645749361
595,0.7218695470059046,0.012094150676731953,-0.019123335201342948,-0.6917268122452992
596,0.7216374246330675,0.009738375880876393,-0.018706031166196273,-0.6919862212803124
597,0.7228841807812275,0.007138426568112435,-0.018838740156790115,-0.6907561332093468
598,0.723624961227171,0.003610893693556806,-0.018712531849098914,-0.6900112239107743
599,0.7244048395072438,0.001888496324623061,-0.018577690955297183,-0.6891896255157041
600,0.7241845698724504,0.0015782177015091214,-0.018577113763271664,-0.6893968401709962
601,0.7245724131380905,0.000477070403643573,-0.01783829619703647,-0.6890281902935419
602,0.7246878580455183,0.0005951961958858762,-0.017999335507289216,-0.688939543547725
603,0.723916795917787,-0.0005727622227390955,-0.016773104030262036,-0.6897659152438322
604,0.7226346595744477,-0.0019849552662951353,-0.015041088158638503,-0.6911276898909768
605,0.7217277551795582,-0.00019794531716091357,-0.015271891916165854,-0.6920334832209939
606,0.7203210541371808,-0.0025457898492238715,-0.013174070989146934,-0.6935937649335482
607,0.7197395953071117,-0.004566832606266093,-0.011546543384969635,-0.6941916497556382
608,0.7200999125885411,-0.004386176633541836,-0.012207190294203547,-0.693792197251199
609,0.7212957273389893,-0.0035158637277442617,-0.01316334558779408,-0.692517711905609
610,0.7243298539584133,-0.004971536764797335,-0.013687552134793082,-0.6893468349553625
611,0.7269771967444731,-0.006712818059355127,-0.013176677132203173,-0.6865153995597587
612,0.7300435604690184,-0.006346267951492984,-0.012815400694540312,-0.6832831635039205
613,0.7325476884091721,-0.007630544677466444,-0.011037664611764954,-0.6806121329366631
614,0.7361575282437329,-0.012847212194258835,-0.008731531866280447,-0.6766982773649327
615,0.7410866339597819,-0.02376267822197132,-0.0002444124078713472,-0.6710459949541876
616,0.7455929925049632,-0.026941398564641793,0.008013923374595097,-0.6659020711064872
617,0.7467350113361528,-0.026516619811610846,0.006140989850585282,-0.6646122689526545
618,0.7469216447834689,-0.03245633569964617,0.00804280029774131,-0.6641399831076139
619,0.747381735246235,-0.036185134310338006,0.011373056475759223,-0.6633415031951126
620,0.742255380843057,-0.037880975165813006,0.010382704775519346,-0.6690597424646586
621,0.7364635066786016,-0.036972825264290146,0.006971766858224274,-0.6755007872112327
622,0.7340505020548052,-0.03378514660812911,0.0026735139761417358,-0.6783099614733813
623,0.734099192000297,-0.03256034451398189,-0.0008974126915761368,-0.6782961336350148
624,0.7352635939640774,-0.03334929569630775,-0.0010035653677212125,-0.6770616093959659
625,0.7350440647295169,-0.03170282925774518,-0.0019047440956816396,-0.6773365596945096
626,0.7318067419508802,-0.02843677335519397,-0.0023357223384690186,-0.6809326014712015
627,0.7300673822629552,-0.028339006521751385,-0.0018070833525740473,-0.6828377156714948
628,0.7304077359724678,-0.029245214877638898,-0.0011372938435823023,-0.6824435997824204
629,0.7318647081598519,-0.028982106482594406,-0.0018451029794833117,-0.6808587345476239
630,0.7325123267809266,-0.028858273948374744,-0.0025815360548085906,-0.6801399706598367
631,0.7318770822741143,-0.02930880002117219,-0.002837529965083928,-0.6808164399957397
632,0.7295186829242767,-0.027412957807143326,-0.001302660998471216,-0.6834689123087504
633,0.7286969961847639,-0.025124337075292914,-0.0004386785680169057,-0.684425524142299
634,0.7300842279340808,-0.02246524436735967,0.0011905509907473091,-0.6829924176790608
635,0.7331163787091446,-0.01806844751275423,0.004961883394354202,-0.6798834880449857
636,0.7359364458000657,-0.014753529676062024,0.009538395765390742,-0.6768397471010819
637,0.7388709742959559,-0.012810416306888284,0.013486398662302387,-0.6736383021936515
638,0.742970192983121,-0.009797770335670773,0.01653367941621401,-0.6691013151632426
639,0.7502742936265565,-0.0034154587856379467,0.024319477184959096,-0.6607676574000274
640,0.7582827814268104,0.006277320661311057,0.03640615324681191,-0.6508914737441527
641,0.7580113338614105,0.011163894954564282,0.040508427072611736,-0.6509764644831181
642,0.7519274984029728,0.010486557724017007,0.04237362350754327,-0.6578472577536403
643,0.7452060335607931,0.006589030530398721,0.040466646289563604,-0.6655953908853277
644,0.7341404882789809,-0.003979325832061509,0.030960421568971993,-0.6783206638445761
645,0.7280722067747114,-0.015349116541593672,0.016843223821406,-0.685145704006292
646,0.7289799180961791,-0.019597671787509922,0.00399188896682923,-0.684360343375526
647,0.7354010385298111,-0.024687379020796173,-0.0029750721287255914,-0.6772781170785805
648,0.7406018426858759,-0.029716453399012153,-0.007220818673399455,-0.6713142500270455
649,0.7443990112667176,-0.03452404180626822,-0.011723424051843477,-0.6668136724185726
650,0.7459159287655971,-0.037793135115562815,-0.014211504675018777,-0.6648566736011354
651,0.745734888904568,-0.03835751401572615,-0.014147554777142878,-0.6650823516809057
652,0.7444462375486057,-0.037561156540956896,-0.012687681747882956,-0.666589217695322
653,0.7438487655142737,-0.03736505347143791,-0.011409869287980826,-0.6672720169195389
654,0.7438180401481742,-0.036544418874834714,-0.010546691862008128,-0.6673355481383605
655,0.7431162439876504,-0.03630715260432419,-0.010109910200381763,-0.668140809796898
656,0.7419771400380424,-0.036134503389239195,-0.00924074830046525,-0.6694418180342562
657,0.7412962082267328,-0.03553233210759422,-0.009443710891931956,-0.6701816556837887
658,0.7407558718336056,-0.035244561731362124,-0.00967061964858974,-0.6708186707226368
659,0.7404240284180537,-0.03468889206816393,-0.0090243526214831,-0.6712563698634008
660,0.7403551976117292,-0.03431220157436783,-0.008513187865322194,-0.6713663766613598
661,0.74026193654487,-0.03356142838791522,-0.008068880571251113,-0.6714740229016124
